timestamp,open,high,low,close,volume
0,64901.7631,64914.2473,64894.6526,64901.7631,3.908351
1,64901.7631,64954.3810,64893.9031,64944.5755,4.015391
2,64944.5755,64986.6454,64917.7873,64920.6056,9.208921
3,64920.6056,64987.2644,64911.3844,64974.9990,15.334146
4,64974.9990,64978.3272,64905.3280,64913.9672,21.895466
5,64913.9672,64989.4513,64912.7204,64986.0170,8.030778
6,64986.0170,65011.2866,64975.9266,64991.0242,6.717760
7,64991.0242,65010.2529,64905.1816,64917.4119,23.563009
8,64917.4119,64922.1150,64884.6702,64892.5797,6.762279
9,64892.5797,64899.8723,64871.6217,64879.3936,21.344098
10,64879.3936,64931.8626,64872.8602,64928.9689,10.244138
11,64928.9689,65025.2204,64925.7810,65021.4886,10.261658
12,65021.4886,65210.4266,65004.8594,65201.2966,7.728552
13,65201.2966,65325.7199,65197.0565,65318.3285,10.635571
14,65318.3285,65405.8801,65313.1060,65400.7285,6.736363
15,65400.7285,65418.3912,65333.2552,65338.5270,5.922548
16,65338.5270,65346.0373,65297.3827,65320.4870,8.207775
17,65320.4870,65321.1948,65206.2026,65232.0656,6.026190
18,65232.0656,65300.6935,65228.9593,65287.3846,10.684099
19,65287.3846,65332.1653,65282.3465,65314.8968,9.369528
20,65314.8968,65366.3469,65314.5898,65352.9054,7.606370
21,65352.9054,65443.6831,65324.4905,65419.8902,7.897291
22,65419.8902,65540.8398,65405.8284,65528.3122,7.761704
23,65528.3122,65643.0202,65519.1803,65631.4715,25.270470
24,65631.4715,65637.2000,65619.9232,65634.6778,8.853272
25,65634.6778,65650.9997,65582.1063,65587.8692,6.233709
26,65587.8692,65613.1253,65582.8698,65611.4400,7.454575
27,65611.4400,65626.2656,65600.0530,65600.2188,13.245500
28,65600.2188,65726.2378,65598.1015,65723.9358,7.892596
29,65723.9358,65845.7211,65717.5894,65818.6876,8.131771
30,65818.6876,65881.0079,65811.1809,65862.2213,7.632622
31,65862.2213,65942.5990,65842.2918,65934.4370,9.824800
32,65934.4370,65939.3194,65921.8856,65938.3364,11.250612
33,65938.3364,66068.5663,65935.9611,66067.8698,11.613742
34,66067.8698,66072.1521,66005.7863,66030.1461,3.336265
35,66030.1461,66038.3588,66016.9187,66035.0116,4.691787
36,66035.0116,66049.5669,65900.5464,65913.6451,1.839465
37,65913.6451,66161.3145,65910.9597,66152.5365,14.389555
38,66152.5365,66175.4627,66146.3180,66163.1526,17.296027
39,66163.1526,66184.6634,66130.6016,66138.5480,19.406244
40,66138.5480,66154.7949,66066.4192,66076.7384,9.697300
41,66076.7384,66086.3770,65925.5511,65935.2022,17.720537
42,65935.2022,65938.5274,65890.1190,65903.7455,8.700585
43,65903.7455,65920.4488,65888.7314,65900.3730,8.274311
44,65900.3730,65943.5266,65900.3629,65937.9187,3.531026
45,65937.9187,66050.8719,65919.6151,66036.0065,5.564518
46,66036.0065,66108.9030,66035.8349,66108.3023,6.238083
47,66108.3023,66139.1986,66101.8713,66125.4059,15.429326
48,66125.4059,66130.8865,66035.6733,66052.2021,24.051432
49,66052.2021,66081.5025,65990.6030,66001.9244,6.715808
50,66001.9244,66010.1659,65944.4149,65951.5465,11.122058
51,65951.5465,65968.2245,65895.1885,65901.8255,10.495812
52,65901.8255,65941.1509,65899.3336,65934.0833,5.593853
53,65934.0833,65937.3518,65851.1875,65856.9856,3.169002
54,65856.9856,65863.4946,65801.3528,65807.9704,5.662921
55,65807.9704,65814.8038,65754.4644,65775.6995,3.757601
56,65775.6995,65794.1140,65693.3906,65702.1218,7.358908
57,65702.1218,65719.1520,65690.3380,65699.9835,8.168109
58,65699.9835,65710.2891,65647.0830,65667.2237,7.977184
59,65667.2237,65831.1151,65654.7612,65811.6088,8.037576
60,65811.6088,65860.0431,65794.5515,65840.1580,11.876611
61,65840.1580,65842.8034,65798.9387,65808.7237,5.085460
62,65808.7237,65812.9708,65670.6117,65673.2430,15.133827
63,65673.2430,65675.2016,65637.8222,65642.6131,3.263285
64,65642.6131,65677.7004,65637.0182,65671.2058,9.224264
65,65671.2058,65687.8615,65661.5494,65685.1718,11.215164
66,65685.1718,65689.0183,65643.8147,65650.9231,5.528402
67,65650.9231,65733.4575,65647.4452,65732.7834,3.416767
68,65732.7834,65816.8168,65730.8238,65802.0217,13.020857
69,65802.0217,65817.8994,65685.3321,65697.5496,5.932386
70,65697.5496,65715.2645,65651.4720,65653.6659,14.185317
71,65653.6659,65672.1966,65652.5940,65666.4087,14.071158
72,65666.4087,65668.0494,65570.7511,65579.1836,8.848608
73,65579.1836,65600.1959,65484.2139,65494.6141,8.871085
74,65494.6141,65504.0270,65485.4371,65489.1205,16.039209
75,65489.1205,65501.1133,65424.2704,65434.9470,11.123794
76,65434.9470,65457.5875,65430.9500,65453.3029,5.077471
77,65453.3029,65464.8593,65427.3114,65437.8562,9.816678
78,65437.8562,65517.5912,65428.7208,65499.7096,12.368767
79,65499.7096,65516.4955,65497.6737,65514.2601,10.022962
80,65514.2601,65529.1047,65501.8715,65509.0886,9.944016
81,65509.0886,65514.1195,65492.1436,65506.3724,8.128678
82,65506.3724,65576.5214,65495.2397,65554.7767,8.270609
83,65554.7767,65590.6422,65553.0145,65585.4458,5.074009
84,65585.4458,65589.8191,65548.6533,65556.0316,3.772622
85,65556.0316,65581.3440,65545.2568,65573.3969,17.405049
86,65573.3969,65583.7100,65515.8167,65540.3654,6.067303
87,65540.3654,65571.5897,65528.8813,65566.8401,10.139494
88,65566.8401,65578.4470,65504.0669,65525.7696,3.619276
89,65525.7696,65526.2684,65476.3912,65481.5796,9.759139
90,65481.5796,65483.4949,65386.7136,65393.5503,5.413974
91,65393.5503,65407.2944,65348.2659,65362.2734,52.298544
92,65362.2734,65443.2164,65361.2799,65431.7810,4.830603
93,65431.7810,65434.9368,65371.6170,65373.7787,4.986376
94,65373.7787,65377.9297,65257.6845,65259.3975,15.590440
95,65259.3975,65419.2696,65254.7278,65416.8403,17.509150
96,65416.8403,65472.7874,65416.4970,65470.3055,2.522622
97,65470.3055,65491.5420,65395.1377,65397.8474,10.334757
98,65397.8474,65429.3465,65370.1688,65371.8789,14.997502
99,65371.8789,65379.6531,65365.6510,65378.3635,4.274509
100,65378.3635,65383.4550,65303.2117,65317.0160,13.347756
101,65317.0160,65413.3021,65316.9731,65397.5165,6.478217
102,65397.5165,65424.8164,65396.0310,65411.5085,4.890801
103,65411.5085,65501.6964,65405.5409,65496.1435,7.197734
104,65496.1435,65559.5403,65487.1368,65547.2306,6.736699
105,65547.2306,65611.0998,65531.3919,65606.2671,3.871639
106,65606.2671,65630.2727,65522.8515,65527.3418,33.712620
107,65527.3418,65531.0454,65486.0914,65496.5376,6.762171
108,65496.5376,65552.4998,65489.8750,65537.7707,5.683398
109,65537.7707,65602.2682,65532.0214,65592.7172,14.765902
110,65592.7172,65722.5571,65592.1303,65712.3881,8.495958
111,65712.3881,65764.2318,65707.6726,65739.8071,19.652524
112,65739.8071,65804.6796,65720.1582,65801.8025,7.564455
113,65801.8025,65811.3811,65757.5351,65763.0796,10.938654
114,65763.0796,65796.0208,65753.8744,65790.3961,9.377256
115,65790.3961,65830.6843,65787.2556,65817.3228,9.796791
116,65817.3228,65823.4573,65724.8313,65726.2223,7.834659
117,65726.2223,65746.8273,65681.6256,65691.5409,8.335244
118,65691.5409,65693.3587,65675.2895,65684.3392,24.087633
119,65684.3392,65697.4754,65529.3159,65550.9312,5.912925
120,65550.9312,65562.2700,65522.8560,65525.0152,6.404973
121,65525.0152,65562.8331,65519.1725,65557.7826,7.227205
122,65557.7826,65588.9603,65464.9463,65471.0998,12.459925
123,65471.0998,65488.4804,65406.8089,65414.7910,11.264016
124,65414.7910,65506.2233,65395.1892,65489.0727,15.482393
125,65489.0727,65505.4345,65401.8747,65406.0361,3.992470
126,65406.0361,65509.3180,65398.9820,65485.7052,10.350886
127,65485.7052,65566.9301,65482.3475,65549.1361,7.985744
128,65549.1361,65582.0186,65546.0053,65570.2279,7.478857
129,65570.2279,65647.9404,65569.8296,65634.2128,9.778411
130,65634.2128,65643.5840,65625.1039,65638.9644,2.746657
131,65638.9644,65640.1517,65576.9448,65608.0515,10.435253
132,65608.0515,65618.3290,65514.3084,65520.8782,9.666219
133,65520.8782,65667.4990,65507.9658,65664.9419,3.790163
134,65664.9419,65668.9104,65605.1194,65607.7230,8.381406
135,65607.7230,65729.4986,65580.6103,65726.2827,22.302530
136,65726.2827,65761.7831,65726.2216,65745.9952,7.041026
137,65745.9952,65755.2160,65700.7164,65723.3920,12.622318
138,65723.3920,65787.4486,65698.9522,65764.4131,7.756170
139,65764.4131,65851.7128,65762.0709,65848.2646,5.473094
140,65848.2646,65971.0499,65833.4395,65961.5286,5.129638
141,65961.5286,65971.0574,65933.8519,65943.6788,7.002811
142,65943.6788,65950.6247,65926.8172,65936.4522,19.221187
143,65936.4522,65961.5673,65920.8350,65927.7493,14.413349
144,65927.7493,65931.6567,65869.0992,65869.3655,5.829064
145,65869.3655,65886.1492,65813.7657,65828.2727,16.062324
146,65828.2727,65968.2565,65820.0805,65958.3031,8.221474
147,65958.3031,65974.4265,65941.8024,65963.0614,5.882084
148,65963.0614,65973.4551,65939.6683,65956.1813,11.457704
149,65956.1813,66056.6055,65955.4349,66050.9322,5.159294
150,66050.9322,66054.9698,65993.0380,66005.7221,3.489388
151,66005.7221,66130.0538,65983.3395,66103.5259,19.143849
152,66103.5259,66173.6227,66083.5513,66173.3196,2.995830
153,66173.3196,66187.9008,66123.6270,66141.5557,12.241328
154,66141.5557,66158.2554,66126.0261,66144.5987,3.586614
155,66144.5987,66155.6251,66091.6928,66112.0224,8.720286
156,66112.0224,66226.5073,66109.9552,66223.8764,7.889571
157,66223.8764,66224.7727,66187.7775,66190.5128,6.835511
158,66190.5128,66204.2694,66172.8910,66173.9658,2.423299
159,66173.9658,66196.8512,66170.6460,66193.7161,8.319376
160,66193.7161,66196.3334,66156.7860,66174.4731,8.682932
161,66174.4731,66200.8495,66172.6167,66195.6529,5.209724
162,66195.6529,66281.6860,66172.8438,66280.8724,8.526581
163,66280.8724,66375.9916,66254.9250,66371.2130,16.002826
164,66371.2130,66382.4876,66280.8667,66291.7853,5.797597
165,66291.7853,66303.0399,66173.4006,66186.8602,10.342338
166,66186.8602,66193.1878,66094.7297,66099.1297,4.488934
167,66099.1297,66121.6271,66087.8544,66099.0207,11.139815
168,66099.0207,66108.8349,66087.5953,66088.1705,12.977657
169,66088.1705,66197.4235,66083.2963,66192.8289,38.658628
170,66192.8289,66224.9150,66187.9171,66190.8613,15.194930
171,66190.8613,66332.3488,66183.4493,66326.8935,11.483797
172,66326.8935,66333.6983,66302.8115,66312.7232,20.479513
173,66312.7232,66335.8094,66302.2301,66329.1710,4.929993
174,66329.1710,66343.1379,66185.2489,66186.4918,16.772321
175,66186.4918,66210.5056,66074.0859,66101.8722,6.436098
176,66101.8722,66140.2139,66091.9039,66121.0788,6.159801
177,66121.0788,66172.5929,66111.3343,66169.9909,17.010451
178,66169.9909,66188.2804,66079.4816,66080.0851,10.213975
179,66080.0851,66098.0239,65970.9866,65980.3528,19.497740
180,65980.3528,65994.4595,65938.7148,65955.4973,3.772513
181,65955.4973,66065.2196,65953.9736,66029.0312,10.453611
182,66029.0312,66040.5994,65910.6837,65921.6891,6.519101
183,65921.6891,66045.3829,65917.7538,66042.6889,7.584385
184,66042.6889,66056.3761,65991.3685,66003.9122,2.880442
185,66003.9122,66024.2566,65988.8059,66022.4635,15.499817
186,66022.4635,66135.4894,66005.4348,66118.8647,10.083810
187,66118.8647,66124.8707,66110.4020,66124.2091,4.972129
188,66124.2091,66185.6253,66120.7666,66170.5502,4.018503
189,66170.5502,66331.6611,66153.7364,66328.0837,5.329084
190,66328.0837,66335.4434,66306.4057,66332.6755,20.359716
191,66332.6755,66379.9041,66325.2488,66358.6579,8.402085
192,66358.6579,66485.0554,66356.5382,66473.8666,7.321289
193,66473.8666,66533.2243,66450.8991,66519.6212,11.937045
194,66519.6212,66526.7849,66501.0241,66523.4821,8.984949
195,66523.4821,66527.0622,66475.4305,66486.9569,10.235487
196,66486.9569,66527.9931,66484.3836,66526.8705,13.849391
197,66526.8705,66529.2710,66521.9655,66524.6443,10.859745
198,66524.6443,66524.6619,66438.3799,66443.4871,15.004564
199,66443.4871,66453.1965,66424.3928,66443.0110,4.420015
200,66443.0110,66449.8844,66371.9610,66383.1704,9.277382
201,66383.1704,66389.6902,66311.6042,66312.6438,7.253865
202,66312.6438,66313.4188,66276.6941,66277.9201,9.526442
203,66277.9201,66413.0091,66260.4052,66398.2144,8.739982
204,66398.2144,66467.3166,66391.1784,66458.5821,6.154326
205,66458.5821,66467.1564,66437.6086,66438.3174,7.289416
206,66438.3174,66554.3290,66434.9010,66554.2178,15.657163
207,66554.2178,66557.2016,66532.6298,66538.0233,6.470615
208,66538.0233,66549.7816,66536.6381,66547.9709,4.305251
209,66547.9709,66653.0023,66538.3941,66644.8794,12.726965
210,66644.8794,66684.3779,66644.7714,66683.5610,15.904676
211,66683.5610,66701.2402,66661.1272,66677.7751,7.654295
212,66677.7751,66715.6190,66583.5196,66592.8998,9.676959
213,66592.8998,66593.0814,66581.9676,66584.4883,5.482390
214,66584.4883,66628.5383,66566.6510,66607.0498,7.971414
215,66607.0498,66690.5023,66605.5702,66678.4062,17.237363
216,66678.4062,66693.9447,66562.8594,66571.6373,14.408371
217,66571.6373,66580.5047,66525.7841,66542.8032,9.809542
218,66542.8032,66558.3724,66347.2481,66356.5250,7.649472
219,66356.5250,66415.6149,66350.1748,66411.4830,3.449240
220,66411.4830,66430.0006,66388.4561,66423.9597,10.831324
221,66423.9597,66490.4923,66405.9285,66474.4950,11.783624
222,66474.4950,66590.8851,66465.5066,66570.3435,16.737035
223,66570.3435,66665.6206,66561.6962,66659.0603,29.451976
224,66659.0603,66664.5934,66583.5289,66601.6374,11.239690
225,66601.6374,66697.2916,66601.2645,66686.5946,15.813074
226,66686.5946,66756.9565,66682.1308,66732.1547,4.674832
227,66732.1547,66839.4057,66724.0197,66835.4243,18.301457
228,66835.4243,66881.0111,66831.7690,66876.9154,15.013142
229,66876.9154,66943.5431,66856.0748,66942.2112,20.087326
230,66942.2112,66943.9315,66870.2688,66889.0398,13.409992
231,66889.0398,66893.4276,66827.0172,66841.3700,11.769499
232,66841.3700,66941.8496,66832.9012,66930.1609,21.502350
233,66930.1609,66957.1011,66884.4010,66891.5809,6.112537
234,66891.5809,66916.2168,66826.8778,66847.3795,13.179031
235,66847.3795,66851.0111,66747.1198,66758.7075,17.057257
236,66758.7075,66769.9534,66746.9053,66763.8125,5.699776
237,66763.8125,66766.0370,66750.6978,66754.6312,4.597995
238,66754.6312,66767.2394,66610.1252,66623.6660,11.660546
239,66623.6660,66635.4373,66617.7126,66633.0762,9.728384
240,66633.0762,66741.1070,66609.7825,66735.1288,12.928227
241,66735.1288,66749.2943,66659.3813,66676.8432,13.206262
242,66676.8432,66677.3136,66593.7236,66594.4050,5.779487
243,66594.4050,66628.5557,66585.1469,66623.2568,11.042848
244,66623.2568,66698.4284,66611.8314,66691.1810,17.544208
245,66691.1810,66700.3902,66664.2626,66671.4838,7.364457
246,66671.4838,66820.1481,66652.5211,66806.0831,7.676468
247,66806.0831,66843.1654,66790.0042,66837.2100,4.688900
248,66837.2100,66903.1974,66829.9473,66895.0866,14.639008
249,66895.0866,66950.1952,66872.8439,66944.4335,28.449438
250,66944.4335,67109.3367,66935.8633,67108.3728,4.074751
251,67108.3728,67111.6206,67006.4602,67008.4425,14.186725
252,67008.4425,67021.5418,66925.0964,66953.6871,15.408670
253,66953.6871,66964.0580,66943.2964,66944.8464,6.548475
254,66944.8464,66967.5991,66939.3300,66956.1318,7.310158
255,66956.1318,67082.5433,66947.1347,67080.2363,4.932443
256,67080.2363,67090.2070,67011.5449,67022.3603,5.750915
257,67022.3603,67084.7692,67001.6959,67070.3504,10.022227
258,67070.3504,67129.4026,67060.8191,67122.6390,13.325415
259,67122.6390,67235.6385,67119.4987,67234.5555,9.744310
260,67234.5555,67301.0996,67228.1190,67279.2977,15.011943
261,67279.2977,67376.3641,67267.7907,67346.4628,10.263319
262,67346.4628,67367.4912,67333.0131,67355.7569,4.596761
263,67355.7569,67364.7912,67220.8674,67244.5725,21.291025
264,67244.5725,67419.6359,67238.8816,67398.6339,18.217385
265,67398.6339,67422.6624,67354.2618,67361.0168,6.015957
266,67361.0168,67368.0583,67257.4210,67279.6328,25.704934
267,67279.6328,67290.5526,67248.2854,67256.1878,11.999643
268,67256.1878,67278.8906,67237.2786,67240.4885,9.855796
269,67240.4885,67271.4741,67201.2169,67216.7618,28.007468
270,67216.7618,67218.8971,67167.8483,67169.7303,2.117414
271,67169.7303,67225.7499,67168.6911,67221.3015,3.569713
272,67221.3015,67230.1871,67169.3693,67174.6997,13.838239
273,67174.6997,67185.0883,67149.3866,67158.8036,7.911942
274,67158.8036,67196.9160,67138.6251,67175.8602,5.252814
275,67175.8602,67269.2616,67158.6954,67248.3804,22.077730
276,67248.3804,67266.1437,67181.5958,67194.0564,12.157757
277,67194.0564,67196.1545,67122.5685,67130.7401,4.335228
278,67130.7401,67149.9233,67124.2499,67139.4049,6.217201
279,67139.4049,67157.9983,67096.9855,67107.8402,15.003376
280,67107.8402,67129.5478,66970.8136,66979.1629,26.009307
281,66979.1629,67016.1843,66972.0001,67006.1069,2.836898
282,67006.1069,67008.9646,66976.8802,66986.4827,10.600657
283,66986.4827,66993.6548,66912.4317,66920.4000,7.328345
284,66920.4000,67003.0025,66911.9884,66989.9618,3.297893
285,66989.9618,66994.1884,66974.3936,66979.0414,8.316352
286,66979.0414,67030.4523,66968.3933,67001.3826,3.589431
287,67001.3826,67108.1228,66998.3131,67101.3972,6.698157
288,67101.3972,67207.1562,67101.0213,67205.1995,23.637259
289,67205.1995,67216.2655,67170.3174,67184.5556,12.392832
290,67184.5556,67225.4055,67173.4569,67220.7529,14.495397
291,67220.7529,67225.1017,67103.7390,67115.0176,13.035986
292,67115.0176,67121.6672,67107.6321,67113.1535,11.298521
293,67113.1535,67122.2130,67063.1186,67076.0022,16.225362
294,67076.0022,67188.9915,67062.5151,67173.4135,4.644989
295,67173.4135,67181.3087,67121.1086,67132.7357,7.445587
296,67132.7357,67153.9229,67040.4173,67057.2684,15.144561
297,67057.2684,67139.1148,67031.9094,67134.5252,6.005103
298,67134.5252,67195.3545,67119.8445,67173.5308,7.119082
299,67173.5308,67200.6417,67120.1979,67131.9610,18.649147
300,67131.9610,67264.3959,67127.8242,67242.1398,22.591913
301,67242.1398,67256.4114,67221.3187,67231.1986,6.459292
302,67231.1986,67234.5752,67221.1494,67228.6263,5.713905
303,67228.6263,67291.6279,67227.4099,67283.2004,12.968690
304,67283.2004,67299.0501,67258.7827,67276.3337,10.800977
305,67276.3337,67278.1881,67261.4634,67266.6652,6.217218
306,67266.6652,67273.5745,67137.4882,67155.3934,13.077069
307,67155.3934,67206.6297,67119.1979,67196.4029,12.758175
308,67196.4029,67210.0719,67124.5161,67126.9989,9.675462
309,67126.9989,67138.2841,67019.9860,67053.0177,51.576536
310,67053.0177,67084.8020,67047.2074,67083.9804,20.459515
311,67083.9804,67107.7084,67023.2730,67037.0845,14.879029
312,67037.0845,67051.7210,67035.9013,67042.3483,16.817897
313,67042.3483,67048.4147,67039.0672,67040.3218,52.324753
314,67040.3218,67046.9667,66978.7426,66994.4994,17.571389
315,66994.4994,67002.4782,66979.6790,66995.8760,6.064908
316,66995.8760,67005.7334,66800.8500,66804.2329,11.153885
317,66804.2329,66891.3206,66801.7088,66889.6967,9.649360
318,66889.6967,66905.5884,66840.7666,66874.2222,6.629116
319,66874.2222,66907.0792,66859.8437,66872.3503,10.766801
320,66872.3503,66934.6972,66871.9516,66927.7843,10.713221
321,66927.7843,66959.8550,66927.6558,66953.7619,8.949858
322,66953.7619,67091.0722,66949.9307,67069.7660,6.954467
323,67069.7660,67096.2626,67056.5401,67078.2365,15.032552
324,67078.2365,67106.3273,67077.5794,67095.2719,3.630191
325,67095.2719,67110.2059,67016.5935,67030.0055,14.996170
326,67030.0055,67056.9385,67016.0802,67047.7501,9.304410
327,67047.7501,67119.1577,67041.7688,67111.8518,10.869721
328,67111.8518,67252.7506,67108.2271,67247.6075,2.298350
329,67247.6075,67278.3209,67236.9329,67272.6282,24.786590
330,67272.6282,67284.9510,67205.4398,67222.5892,3.354542
331,67222.5892,67225.8611,67149.9773,67156.7869,5.574206
332,67156.7869,67170.5454,67074.8690,67080.3603,13.500494
333,67080.3603,67121.2145,67052.1463,67117.5729,6.486629
334,67117.5729,67147.5959,67062.6215,67073.9275,7.288403
335,67073.9275,67147.1264,67048.8158,67139.1250,2.496862
336,67139.1250,67144.9429,67122.8920,67144.8749,7.166104
337,67144.8749,67230.3836,67142.4185,67217.5448,10.485719
338,67217.5448,67243.3471,67207.8179,67225.4092,13.790404
339,67225.4092,67321.0757,67221.7879,67296.9907,7.824567
340,67296.9907,67328.3430,67262.9916,67303.9362,10.531627
341,67303.9362,67313.1147,67138.7969,67154.6880,11.977910
342,67154.6880,67174.9992,67058.1864,67075.7430,6.235544
343,67075.7430,67212.5430,67074.0290,67211.2286,5.961948
344,67211.2286,67261.5780,67195.0923,67243.0416,29.294486
345,67243.0416,67243.5923,67176.5053,67199.1047,5.621685
346,67199.1047,67202.8208,67158.0894,67160.3713,19.109986
347,67160.3713,67178.2218,67128.6904,67171.6974,9.660706
348,67171.6974,67267.1115,67151.1816,67253.6259,22.010447
349,67253.6259,67330.5677,67253.0513,67317.8138,6.368254
350,67317.8138,67349.6313,67312.8577,67343.7560,12.561331
351,67343.7560,67352.9037,67302.9109,67305.5635,11.259370
352,67305.5635,67309.9338,67278.6609,67292.2888,8.112174
353,67292.2888,67305.5428,67152.8188,67172.0454,11.125530
354,67172.0454,67185.5573,67105.2144,67129.8073,5.902543
355,67129.8073,67139.0952,67085.7694,67110.5216,8.843355
356,67110.5216,67120.4589,67028.7446,67032.4279,7.332002
357,67032.4279,67104.2616,67011.2770,67092.4528,14.501936
358,67092.4528,67111.0506,67005.7339,67008.8605,8.789309
359,67008.8605,67066.4164,66989.4017,67050.6084,4.089459
360,67050.6084,67134.7910,67042.5440,67113.2949,7.451782
361,67113.2949,67195.7315,67106.7192,67194.3362,8.752237
362,67194.3362,67216.5671,67173.8188,67205.0475,5.452657
363,67205.0475,67229.2739,67179.4843,67192.9878,20.275449
364,67192.9878,67193.9059,67184.8363,67190.9245,11.762738
365,67190.9245,67207.7476,67179.0803,67204.4581,15.219779
366,67204.4581,67391.0245,67195.6302,67372.4634,5.916409
367,67372.4634,67479.6746,67353.4979,67449.9151,7.334924
368,67449.9151,67453.1813,67245.1814,67252.1246,16.777634
369,67252.1246,67328.8575,67233.5336,67315.8634,3.993387
370,67315.8634,67332.9804,67304.5721,67319.7248,11.510595
371,67319.7248,67327.4830,67259.0646,67275.7820,9.774342
372,67275.7820,67288.1261,67182.0453,67193.5840,6.909460
373,67193.5840,67214.3572,67123.8955,67132.9085,9.779690
374,67132.9085,67138.5300,67017.6608,67023.7557,4.923634
375,67023.7557,67024.8459,66904.9268,66937.8434,10.583098
376,66937.8434,66976.7170,66924.3890,66972.0877,4.531500
377,66972.0877,66976.6954,66960.3370,66974.1703,4.374544
378,66974.1703,66982.9614,66885.6420,66892.2269,21.123307
379,66892.2269,66940.6960,66869.2783,66931.4717,6.135957
380,66931.4717,66949.2625,66911.7179,66933.2799,2.671037
381,66933.2799,66939.0009,66914.4488,66927.8737,16.458065
382,66927.8737,66962.8051,66917.2196,66943.6648,5.884501
383,66943.6648,66976.3418,66937.1002,66976.2661,1.164874
384,66976.2661,67029.1204,66972.9858,67008.5304,8.964764
385,67008.5304,67017.8010,66930.4229,66935.6542,16.015369
386,66935.6542,66975.5609,66928.4543,66959.9101,11.410193
387,66959.9101,66990.0681,66899.1737,66903.3230,25.549635
388,66903.3230,66907.5733,66778.8585,66790.3581,8.614915
389,66790.3581,66863.3558,66786.9343,66848.4335,13.199678
390,66848.4335,66889.3331,66842.8765,66879.6995,5.122247
391,66879.6995,66910.2986,66749.3488,66761.9778,10.213961
392,66761.9778,66826.8061,66752.4152,66816.8188,22.876363
393,66816.8188,66836.3111,66748.5922,66759.3734,12.487646
394,66759.3734,66806.9513,66734.9751,66797.7942,10.211277
395,66797.7942,66854.4600,66782.8732,66835.3485,2.892346
396,66835.3485,66875.2478,66829.3611,66852.3674,7.429117
397,66852.3674,66862.9956,66834.3322,66848.7438,4.339146
398,66848.7438,66904.6486,66831.6804,66903.2647,14.674257
399,66903.2647,66911.9073,66789.3104,66818.6694,6.000995
400,66818.6694,66823.4028,66785.4902,66798.8073,11.485482
401,66798.8073,66881.1179,66782.5579,66872.7264,5.139020
402,66872.7264,66899.0221,66777.1721,66796.3192,28.242888
403,66796.3192,66806.3080,66695.1080,66724.6920,4.645355
404,66724.6920,66734.0364,66650.0634,66659.0546,10.065733
405,66659.0546,66694.7697,66657.7412,66680.7101,43.801035
406,66680.7101,66789.4493,66674.7726,66770.9804,10.536870
407,66770.9804,66773.5495,66652.0986,66669.9292,5.544492
408,66669.9292,66681.3538,66650.4171,66659.4446,13.341957
409,66659.4446,66666.9633,66509.3435,66525.6525,16.671535
410,66525.6525,66537.9745,66518.1989,66533.6889,15.522489
411,66533.6889,66547.2389,66445.4314,66464.7245,2.900694
412,66464.7245,66470.5736,66382.4973,66395.6451,10.548875
413,66395.6451,66530.1940,66389.4133,66520.7943,2.642325
414,66520.7943,66547.5903,66468.9760,66470.2603,28.496246
415,66470.2603,66485.5100,66340.6540,66353.8191,9.685129
416,66353.8191,66362.5782,66279.9703,66282.3878,7.070554
417,66282.3878,66321.9463,66267.4690,66279.5094,13.820946
418,66279.5094,66296.7298,66148.0246,66168.8423,12.389686
419,66168.8423,66183.2372,66099.4328,66139.7527,4.607687
420,66139.7527,66143.4567,66025.3982,66029.8480,24.276095
421,66029.8480,66035.3790,65958.1215,65964.1691,8.044856
422,65964.1691,65973.7890,65952.1512,65956.9154,3.281661
423,65956.9154,65986.6384,65943.5920,65986.3379,21.270010
424,65986.3379,66008.1403,65860.6322,65866.1955,23.022730
425,65866.1955,65870.8289,65826.9299,65852.3877,19.530656
426,65852.3877,65886.5938,65851.0254,65875.5159,12.856728
427,65875.5159,65896.1598,65708.7346,65718.2770,5.478195
428,65718.2770,65721.1927,65663.7481,65674.8530,16.191001
429,65674.8530,65678.9609,65572.2723,65598.0657,27.964849
430,65598.0657,65603.2464,65564.2465,65564.7752,15.061516
431,65564.7752,65578.4814,65485.7915,65493.8102,24.007667
432,65493.8102,65499.4372,65449.1578,65465.1314,5.869691
433,65465.1314,65571.9781,65451.0071,65561.4636,17.014902
434,65561.4636,65578.1763,65549.3724,65574.2426,16.207409
435,65574.2426,65608.7666,65561.7001,65596.8523,3.841698
436,65596.8523,65693.3744,65585.7671,65683.3402,3.543202
437,65683.3402,65747.9084,65676.9087,65729.7173,6.067696
438,65729.7173,65735.6562,65661.2824,65674.5436,9.762822
439,65674.5436,65792.1971,65667.1586,65788.1184,12.174010
440,65788.1184,65800.0539,65766.3675,65767.3453,8.138330
441,65767.3453,65836.1369,65760.4364,65835.6865,8.952270
442,65835.6865,65903.1482,65825.6929,65893.9895,8.702875
443,65893.9895,65900.4229,65845.7274,65854.3291,9.806144
444,65854.3291,65868.5041,65805.3485,65810.5256,13.169749
445,65810.5256,65927.0937,65796.1033,65913.9752,12.499315
446,65913.9752,65922.0194,65787.7680,65789.3733,9.011575
447,65789.3733,65857.1636,65784.6081,65850.1343,10.860626
448,65850.1343,65869.8674,65848.6299,65855.9602,7.120807
449,65855.9602,65872.7126,65816.2493,65817.9988,14.952745
450,65817.9988,65819.3087,65766.2714,65768.6900,6.899330
451,65768.6900,65777.0637,65645.5597,65648.4411,24.716024
452,65648.4411,65724.0581,65621.2357,65705.2830,9.182337
453,65705.2830,65708.0343,65600.5292,65615.0338,10.964485
454,65615.0338,65620.5735,65598.1275,65606.3055,5.925889
455,65606.3055,65682.7548,65603.0909,65672.7739,7.586934
456,65672.7739,65672.9859,65532.3649,65543.2101,10.275062
457,65543.2101,65649.4347,65530.0920,65642.5648,9.421965
458,65642.5648,65661.9496,65603.5354,65615.4027,6.436038
459,65615.4027,65678.0322,65608.7789,65669.3944,4.667854
460,65669.3944,65691.3356,65635.2738,65650.7451,9.542419
461,65650.7451,65665.2021,65577.8052,65599.3940,10.211388
462,65599.3940,65609.0225,65583.8048,65599.5413,12.920990
463,65599.5413,65600.7465,65591.4127,65599.6515,19.576779
464,65599.6515,65614.4136,65524.5284,65540.2201,7.736811
465,65540.2201,65548.8319,65414.4023,65431.2937,2.840709
466,65431.2937,65431.6225,65334.2749,65349.8112,8.558281
467,65349.8112,65407.4108,65338.8359,65399.2341,3.104027
468,65399.2341,65459.5271,65388.7034,65458.8156,4.332415
469,65458.8156,65481.3990,65457.7774,65471.8180,17.218325
470,65471.8180,65485.5115,65454.5813,65461.2747,13.064977
471,65461.2747,65469.7823,65416.9584,65431.1375,6.349376
472,65431.1375,65447.3301,65303.9171,65320.5869,6.384156
473,65320.5869,65324.8984,65133.1544,65146.6008,8.840937
474,65146.6008,65151.8981,65018.2551,65030.1967,3.274670
475,65030.1967,65117.3784,65026.9169,65100.0469,12.415144
476,65100.0469,65124.0281,65088.4326,65112.6529,7.573001
477,65112.6529,65157.2923,65108.9827,65152.3152,27.938277
478,65152.3152,65238.5834,65137.7422,65223.5032,4.957337
479,65223.5032,65248.4272,65210.0427,65233.7038,16.966987
480,65233.7038,65271.1786,65222.0254,65268.3371,6.211840
481,65268.3371,65274.8781,65189.4271,65207.2137,17.144166
482,65207.2137,65229.2097,65150.1138,65160.9593,5.201715
483,65160.9593,65222.9959,65160.1556,65220.1146,14.456111
484,65220.1146,65232.4938,65181.8070,65196.2729,7.174665
485,65196.2729,65223.3491,65186.9134,65218.9742,5.702675
486,65218.9742,65336.5819,65201.3556,65330.5328,8.529951
487,65330.5328,65345.9310,65318.7016,65338.1485,12.398766
488,65338.1485,65430.7904,65315.8933,65414.2320,11.879578
489,65414.2320,65488.7568,65407.8828,65488.6097,23.947488
490,65488.6097,65578.7497,65476.3965,65571.4869,15.240880
491,65571.4869,65582.1615,65534.1261,65540.2297,1.933789
492,65540.2297,65551.5369,65459.7359,65468.4344,7.347141
493,65468.4344,65507.0006,65451.0632,65504.2960,2.839631
494,65504.2960,65506.1043,65390.0033,65398.1698,7.420538
495,65398.1698,65410.4876,65396.1771,65406.9089,13.547036
496,65406.9089,65556.9193,65397.0149,65554.7340,4.199309
497,65554.7340,65571.4250,65554.3525,65569.0381,4.610957
498,65569.0381,65658.1731,65554.4728,65645.5979,10.174653
499,65645.5979,65689.8484,65641.7338,65680.6479,7.857822
500,65680.6479,65685.9923,65583.5756,65592.7181,24.042755
501,65592.7181,65634.3689,65574.5865,65620.2555,11.319475
502,65620.2555,65637.3934,65581.7152,65584.3996,12.833140
503,65584.3996,65595.8956,65443.4962,65456.7222,26.565277
504,65456.7222,65471.4276,65453.4418,65457.6951,6.920411
505,65457.6951,65467.0485,65315.6728,65322.7692,9.329883
506,65322.7692,65323.6377,65223.1223,65229.5858,5.160204
507,65229.5858,65235.4327,65207.0201,65217.3862,10.897042
508,65217.3862,65358.7151,65201.1583,65348.4242,17.339428
509,65348.4242,65379.9643,65347.7313,65357.2438,21.169770
510,65357.2438,65371.3767,65289.0305,65299.6599,9.140991
511,65299.6599,65306.9814,65208.5739,65214.4790,6.106925
512,65214.4790,65269.4026,65200.5974,65267.1417,5.909521
513,65267.1417,65332.9049,65262.1964,65329.7742,4.058358
514,65329.7742,65344.1740,65226.2639,65243.6645,10.049599
515,65243.6645,65253.7985,65144.6553,65150.5084,21.074612
516,65150.5084,65164.0554,65088.8180,65111.3235,2.263656
517,65111.3235,65115.4063,64952.6091,64955.6388,2.543600
518,64955.6388,64966.6989,64947.8037,64964.1991,21.629802
519,64964.1991,65091.5331,64939.4191,65072.8755,3.568959
520,65072.8755,65083.5904,65055.4312,65055.5360,11.401965
521,65055.5360,65101.1079,65055.1726,65099.7172,4.403362
522,65099.7172,65101.3911,65046.8299,65054.4657,14.943636
523,65054.4657,65058.3727,65039.9193,65043.5539,14.950587
524,65043.5539,65070.8274,65036.7598,65047.9511,10.356967
525,65047.9511,65048.0073,64983.7285,64994.8417,15.346351
526,64994.8417,65007.6455,64994.4831,65002.6325,9.651579
527,65002.6325,65024.6191,64991.0215,65000.9494,13.129085
528,65000.9494,65007.8147,64975.0000,64992.3078,27.931187
529,64992.3078,64999.4616,64896.5628,64911.0123,18.090217
530,64911.0123,65072.0266,64910.5224,65053.7503,6.319316
531,65053.7503,65102.2627,65045.3882,65088.7318,5.794823
532,65088.7318,65129.3101,65071.5116,65126.2024,8.128082
533,65126.2024,65213.6888,65104.4400,65208.0034,8.176716
534,65208.0034,65209.7490,65130.1077,65156.5666,9.791872
535,65156.5666,65158.7045,65115.4579,65134.5205,6.533390
536,65134.5205,65175.9289,65116.9048,65165.4075,13.874176
537,65165.4075,65315.8131,65163.7926,65305.3300,9.602437
538,65305.3300,65402.1272,65275.8105,65396.9249,11.660925
539,65396.9249,65398.1363,65153.3752,65180.1474,9.431001
540,65180.1474,65333.8677,65163.0125,65313.1613,13.578930
541,65313.1613,65323.3667,65292.6884,65309.9638,4.587111
542,65309.9638,65316.6370,65281.6609,65284.3383,24.234860
543,65284.3383,65329.1887,65277.7976,65315.6190,11.570597
544,65315.6190,65381.3020,65315.5688,65363.8504,12.311512
545,65363.8504,65453.9345,65351.9279,65437.5964,13.568467
546,65437.5964,65447.1980,65324.7926,65326.8214,17.995490
547,65326.8214,65368.0165,65307.2078,65349.7915,14.633088
548,65349.7915,65351.9729,65341.6421,65346.0837,10.852319
549,65346.0837,65493.4805,65343.8342,65484.4566,8.445778
550,65484.4566,65512.3451,65382.5038,65398.3973,3.514657
551,65398.3973,65464.6504,65372.4214,65459.2808,10.712706
552,65459.2808,65481.1082,65426.5982,65433.6794,7.814029
553,65433.6794,65470.1445,65429.3571,65468.2789,7.810223
554,65468.2789,65468.5207,65436.1564,65442.9140,39.858176
555,65442.9140,65453.2103,65346.6533,65354.4486,3.092482
556,65354.4486,65391.8440,65349.7823,65379.9831,9.753274
557,65379.9831,65457.4136,65372.3306,65453.1650,19.517451
558,65453.1650,65460.2871,65406.8735,65428.6084,16.790641
559,65428.6084,65446.6083,65403.5446,65439.6235,19.851586
560,65439.6235,65458.9650,65326.9100,65335.8047,4.413581
561,65335.8047,65376.8152,65333.6494,65374.0704,5.306174
562,65374.0704,65453.1638,65358.0331,65426.0921,13.690762
563,65426.0921,65435.6250,65386.5152,65392.8488,7.910157
564,65392.8488,65397.9422,65318.6788,65320.3582,26.378558
565,65320.3582,65327.7795,65286.4016,65295.3183,10.840244
566,65295.3183,65305.3510,65261.5395,65271.4688,10.635074
567,65271.4688,65301.3319,65270.4640,65295.9890,12.321159
568,65295.9890,65358.3469,65295.7695,65354.9979,8.038389
569,65354.9979,65378.3334,65221.5893,65245.9939,10.165500
570,65245.9939,65311.3873,65242.1763,65304.4198,6.316226
571,65304.4198,65388.3029,65298.6072,65373.1259,9.261457
572,65373.1259,65379.2386,65352.7617,65375.7544,7.088746
573,65375.7544,65383.5485,65327.7439,65333.7492,11.049223
574,65333.7492,65347.5845,65330.8363,65341.0494,4.051707
575,65341.0494,65365.4389,65193.6809,65218.5359,3.873910
576,65218.5359,65249.5303,65214.7178,65244.3577,12.491829
577,65244.3577,65248.1578,65193.4400,65204.2708,10.864975
578,65204.2708,65223.8989,65191.8915,65216.1167,5.321097
579,65216.1167,65322.3057,65194.5780,65317.1970,8.281629
580,65317.1970,65406.9751,65300.8771,65403.5505,5.058702
581,65403.5505,65434.4598,65383.0353,65426.4735,32.277731
582,65426.4735,65430.6271,65420.3691,65421.0016,3.717769
583,65421.0016,65423.9498,65343.3698,65344.2433,26.535836
584,65344.2433,65374.9506,65208.6447,65212.1456,5.796218
585,65212.1456,65228.6503,65207.5635,65226.4759,12.228755
586,65226.4759,65234.4824,65181.0921,65185.0229,8.116043
587,65185.0229,65196.1164,65136.5122,65165.8136,7.561767
588,65165.8136,65202.3612,65158.8430,65197.4851,16.662461
589,65197.4851,65204.0829,65122.2717,65123.5281,15.504960
590,65123.5281,65130.1692,65110.6078,65122.2656,7.991573
591,65122.2656,65179.4439,65121.9109,65165.6645,5.511193
592,65165.6645,65167.2035,65083.3389,65113.0744,32.971667
593,65113.0744,65133.2984,65096.7960,65102.0963,22.078768
594,65102.0963,65202.0036,65097.6089,65192.2763,10.352526
595,65192.2763,65255.8320,65169.9953,65244.3561,7.959972
596,65244.3561,65247.9819,65134.1262,65143.8077,11.342708
597,65143.8077,65156.2153,65142.3047,65145.5305,9.995603
598,65145.5305,65146.9821,65122.3417,65128.9297,19.503531
599,65128.9297,65228.3176,65126.3663,65222.1178,5.332930
600,65222.1178,65225.1685,65148.9756,65158.7420,9.637366
601,65158.7420,65284.1827,65150.8854,65276.1349,5.946836
602,65276.1349,65287.0545,65230.5710,65239.4384,20.848219
603,65239.4384,65306.1373,65238.2387,65302.3110,28.081420
604,65302.3110,65305.8381,65216.1908,65217.7230,9.012247
605,65217.7230,65301.3587,65212.9569,65300.8003,13.161116
606,65300.8003,65328.1032,65241.8616,65241.8838,22.137259
607,65241.8838,65334.7623,65233.1272,65331.4365,7.956886
608,65331.4365,65349.0291,65304.9752,65313.9085,5.439402
609,65313.9085,65331.5649,65228.4914,65229.4927,17.776809
610,65229.4927,65249.2789,65170.1078,65182.8059,12.907161
611,65182.8059,65204.1844,65124.6224,65130.3653,8.411491
612,65130.3653,65140.5219,65067.7652,65069.7966,22.885485
613,65069.7966,65197.5011,65058.5051,65190.9834,10.978183
614,65190.9834,65203.0896,65169.4077,65176.7723,3.274442
615,65176.7723,65243.4612,65171.1097,65240.6189,11.729921
616,65240.6189,65249.8810,65239.0005,65242.2454,9.196410
617,65242.2454,65320.3703,65240.3809,65308.4693,29.452702
618,65308.4693,65316.2998,65305.4655,65307.7074,9.436575
619,65307.7074,65313.4592,65219.2375,65229.8575,8.421725
620,65229.8575,65252.4488,65141.5239,65160.0999,12.388276
621,65160.0999,65160.6600,65040.8444,65052.7114,11.042034
622,65052.7114,65081.4558,65040.0372,65041.8438,4.095898
623,65041.8438,65077.0252,64989.5452,65001.9837,10.243102
624,65001.9837,65018.6880,64982.0020,64986.5381,7.832377
625,64986.5381,64987.1188,64976.8913,64979.7600,22.146056
626,64979.7600,64992.2119,64945.9823,64947.4586,40.246268
627,64947.4586,64949.4700,64905.1781,64939.2254,4.877019
628,64939.2254,64951.4631,64926.2964,64944.3803,5.342678
629,64944.3803,65018.3995,64930.8171,65017.3161,5.753506
630,65017.3161,65029.4808,64933.2943,64937.8793,6.431098
631,64937.8793,64949.7137,64902.5510,64910.5145,6.303145
632,64910.5145,65007.3905,64881.6005,65004.2651,9.852390
633,65004.2651,65034.4506,64998.4830,65034.2735,18.334638
634,65034.2735,65077.4144,65020.3183,65076.1004,4.370266
635,65076.1004,65077.5250,65056.5752,65072.8581,3.789904
636,65072.8581,65080.0289,65023.8077,65032.3233,3.158430
637,65032.3233,65101.0673,65012.0199,65100.9296,18.516438
638,65100.9296,65107.1931,65043.1616,65046.4544,21.153393
639,65046.4544,65066.6589,65039.7932,65049.6154,3.799816
640,65049.6154,65059.5967,64916.7704,64924.2977,3.585992
641,64924.2977,65007.8110,64890.6317,64985.5560,10.319142
642,64985.5560,64987.7140,64873.9524,64878.1630,18.386336
643,64878.1630,64901.8034,64876.3894,64883.4729,17.546752
644,64883.4729,64900.6066,64839.2171,64857.0728,10.720813
645,64857.0728,64936.5470,64851.3135,64932.1278,14.372993
646,64932.1278,64970.6843,64907.7078,64908.0165,11.617652
647,64908.0165,64949.7876,64898.5423,64946.7969,6.845673
648,64946.7969,64954.3827,64876.3082,64876.9575,30.008905
649,64876.9575,64881.6972,64807.9332,64812.4424,9.541228
650,64812.4424,64963.4746,64805.2433,64947.7190,4.899154
651,64947.7190,65009.0146,64946.4902,65001.2117,7.211211
652,65001.2117,65023.5228,64994.0378,65022.0985,3.785568
653,65022.0985,65047.6468,64911.5734,64914.9093,9.646109
654,64914.9093,64929.3896,64910.5174,64911.6503,18.439529
655,64911.6503,64913.7795,64891.7987,64897.8743,4.469928
656,64897.8743,64906.3913,64849.1191,64861.2563,18.785005
657,64861.2563,64981.6950,64852.4379,64968.3203,33.546207
658,64968.3203,65075.6798,64966.1277,65067.6309,11.986892
659,65067.6309,65073.5103,65049.9578,65064.5817,4.767570
660,65064.5817,65089.3280,65035.6436,65042.5129,5.724223
661,65042.5129,65087.1120,65026.7785,65061.8850,7.814035
662,65061.8850,65065.0143,65050.8806,65053.5697,4.425671
663,65053.5697,65056.6478,65050.4604,65051.4153,4.511049
664,65051.4153,65130.3826,65044.3440,65124.0425,8.173853
665,65124.0425,65254.2668,65113.9302,65224.4931,8.572468
666,65224.4931,65266.1945,65216.0735,65266.0618,13.740407
667,65266.0618,65283.3606,65143.7667,65169.9982,4.649394
668,65169.9982,65233.0833,65167.0025,65224.8077,29.390647
669,65224.8077,65282.6562,65222.5502,65281.1870,18.065749
670,65281.1870,65325.3576,65268.7217,65322.1038,16.305638
671,65322.1038,65330.2139,65170.5045,65176.1373,6.463208
672,65176.1373,65202.7179,65162.4604,65195.7611,27.142091
673,65195.7611,65251.2693,65180.6461,65240.7491,7.776137
674,65240.7491,65256.6364,65196.8875,65210.2533,28.414406
675,65210.2533,65215.2077,65101.8813,65144.1374,18.175330
676,65144.1374,65161.1188,65121.4126,65121.5908,5.576848
677,65121.5908,65129.8264,65106.7414,65110.0341,7.274164
678,65110.0341,65121.6747,65068.1111,65070.4842,29.377622
679,65070.4842,65093.6255,65057.6756,65090.3151,17.431835
680,65090.3151,65103.1828,65062.0436,65076.6399,8.704347
681,65076.6399,65077.8039,64983.5534,64987.4549,10.800829
682,64987.4549,65007.0916,64987.4449,65000.1161,10.765402
683,65000.1161,65007.3674,64897.0058,64905.7848,6.008180
684,64905.7848,64906.7453,64839.7519,64842.2672,8.473629
685,64842.2672,64933.1803,64835.9592,64919.6852,6.429537
686,64919.6852,64923.9100,64784.9870,64795.4731,7.387382
687,64795.4731,64855.7973,64765.3433,64854.3463,12.646598
688,64854.3463,64873.3441,64832.9878,64845.5784,5.377397
689,64845.5784,64858.6158,64827.5483,64857.3943,14.782310
690,64857.3943,64872.0476,64792.2400,64796.9369,10.207836
691,64796.9369,64814.2364,64775.8231,64803.9910,15.108549
692,64803.9910,64809.9296,64752.0324,64756.9107,16.303669
693,64756.9107,64774.8486,64748.9337,64767.9477,20.205813
694,64767.9477,64786.9797,64765.6560,64774.3292,13.938484
695,64774.3292,64775.6792,64738.5187,64747.5775,14.615587
696,64747.5775,64872.7145,64746.8699,64855.3820,8.576576
697,64855.3820,64871.3528,64753.3335,64759.3430,13.452736
698,64759.3430,64806.4768,64742.1474,64794.5316,5.562151
699,64794.5316,64806.4481,64785.2120,64788.1901,8.241590
700,64788.1901,64850.9219,64771.8204,64828.0121,14.988205
701,64828.0121,64859.5784,64824.2481,64841.0823,9.261519
702,64841.0823,64846.4528,64765.8511,64772.9103,12.492447
703,64772.9103,64788.0804,64730.6308,64744.1686,5.063978
704,64744.1686,64746.2577,64672.6372,64682.7648,21.741881
705,64682.7648,64698.2578,64672.8964,64684.7848,6.755361
706,64684.7848,64685.1600,64624.1441,64650.8761,12.120099
707,64650.8761,64653.0225,64607.4608,64615.0984,9.424988
708,64615.0984,64650.4469,64606.5370,64644.5189,16.739642
709,64644.5189,64650.9160,64527.6117,64548.0061,7.591872
710,64548.0061,64567.1450,64520.7313,64525.5908,5.237182
711,64525.5908,64533.2889,64473.9208,64475.5548,3.052538
712,64475.5548,64486.7026,64466.6690,64472.0542,7.946504
713,64472.0542,64472.9863,64433.0684,64433.4176,4.660014
714,64433.4176,64433.9479,64281.8536,64282.6449,13.177309
715,64282.6449,64310.3998,64227.2078,64234.4451,22.733955
716,64234.4451,64279.2184,64229.2751,64251.4445,2.506194
717,64251.4445,64340.0949,64247.3342,64331.2717,4.399076
718,64331.2717,64354.4569,64226.4015,64233.6312,11.505181
719,64233.6312,64237.7676,64217.1572,64225.3851,20.074076
720,64225.3851,64271.0528,64212.7650,64267.9873,11.481847
721,64267.9873,64316.3345,64222.2368,64237.2309,11.610093
722,64237.2309,64295.1051,64215.3087,64290.8418,12.951980
723,64290.8418,64360.0308,64284.7211,64337.2961,13.503637
724,64337.2961,64380.7544,64335.6288,64364.3469,25.684611
725,64364.3469,64373.0125,64356.7186,64367.2469,13.810831
726,64367.2469,64411.6830,64353.9731,64405.7182,4.527436
727,64405.7182,64426.8464,64335.8633,64345.4404,7.188429
728,64345.4404,64482.3082,64344.4421,64480.2445,10.838748
729,64480.2445,64547.7863,64478.4144,64545.2651,5.861053
730,64545.2651,64650.4759,64529.2538,64644.1867,8.163857
731,64644.1867,64663.6040,64637.6232,64641.6024,6.960623
732,64641.6024,64705.8805,64638.0301,64695.3174,6.263254
733,64695.3174,64755.0695,64683.7241,64750.9031,14.507320
734,64750.9031,64757.7462,64707.7050,64713.8690,7.555481
735,64713.8690,64725.7725,64529.2970,64547.2060,4.946650
736,64547.2060,64723.3469,64542.2839,64719.0453,6.207242
737,64719.0453,64754.7162,64709.4133,64752.9835,9.770150
738,64752.9835,64755.0806,64621.7715,64628.1946,34.105201
739,64628.1946,64636.9060,64548.2818,64559.5813,11.161917
740,64559.5813,64596.2881,64559.3625,64595.0877,23.364222
741,64595.0877,64597.0465,64506.3613,64538.8615,12.868784
742,64538.8615,64557.1127,64492.3809,64497.7612,2.614530
743,64497.7612,64511.3825,64425.6596,64437.9851,12.001281
744,64437.9851,64493.1578,64436.7094,64489.2161,5.713654
745,64489.2161,64564.5678,64486.8207,64543.9966,4.220588
746,64543.9966,64579.1549,64530.2058,64575.8797,4.986308
747,64575.8797,64754.4155,64575.6886,64745.7520,28.084959
748,64745.7520,64813.9764,64733.2433,64803.3590,3.684691
749,64803.3590,64811.4859,64704.1167,64731.6486,6.569606
750,64731.6486,64766.6976,64722.3348,64757.8182,19.207866
751,64757.8182,64769.0233,64694.3257,64706.2931,14.260665
752,64706.2931,64715.1501,64649.7630,64656.2155,3.400423
753,64656.2155,64667.2622,64652.7659,64666.7256,8.927541
754,64666.7256,64710.5166,64662.9714,64675.4716,6.990930
755,64675.4716,64750.2982,64674.2937,64722.8768,8.483560
756,64722.8768,64724.5764,64709.1058,64724.1087,15.027675
757,64724.1087,64727.4288,64626.8113,64646.4363,6.739335
758,64646.4363,64658.3957,64502.1394,64505.1010,7.866633
759,64505.1010,64510.0709,64461.4610,64469.9100,23.038515
760,64469.9100,64501.7528,64439.6597,64449.7262,3.135041
761,64449.7262,64466.4386,64432.3406,64433.2978,7.619167
762,64433.2978,64486.3091,64425.0744,64472.1058,12.670365
763,64472.1058,64555.6428,64466.3228,64554.6180,4.494113
764,64554.6180,64572.4007,64494.1048,64505.1089,6.517485
765,64505.1089,64519.3858,64418.4853,64436.7438,4.312030
766,64436.7438,64472.4582,64430.2086,64465.8322,10.477591
767,64465.8322,64497.1260,64457.3087,64486.4210,6.544751
768,64486.4210,64496.9323,64464.2363,64467.6817,15.341640
769,64467.6817,64475.6215,64446.3996,64453.7589,17.672750
770,64453.7589,64459.8931,64413.9293,64431.6559,9.805964
771,64431.6559,64462.5287,64405.5612,64457.4650,7.579828
772,64457.4650,64492.4442,64452.5468,64491.3083,11.159057
773,64491.3083,64533.3718,64469.1036,64531.6940,9.871384
774,64531.6940,64539.3297,64489.8347,64498.9951,4.568443
775,64498.9951,64599.9402,64493.1583,64591.7304,18.216639
776,64591.7304,64593.7447,64584.8993,64591.4061,10.925501
777,64591.4061,64601.0643,64580.1337,64598.5922,15.352817
778,64598.5922,64630.5741,64593.4895,64629.7432,4.184303
779,64629.7432,64699.4540,64622.0916,64688.8750,16.190158
780,64688.8750,64833.8796,64684.1795,64812.0438,34.053847
781,64812.0438,64818.3095,64674.7723,64689.9540,13.828049
782,64689.9540,64700.7846,64688.8614,64691.3930,3.964774
783,64691.3930,64693.6629,64597.3184,64598.0064,9.741835
784,64598.0064,64693.6444,64583.3634,64678.2958,9.192189
785,64678.2958,64738.8379,64663.6070,64710.4022,10.868241
786,64710.4022,64874.2111,64704.4929,64848.1392,8.269213
787,64848.1392,64851.2444,64818.4317,64827.2854,12.853821
788,64827.2854,64843.5072,64800.1936,64805.3874,7.188958
789,64805.3874,64915.7720,64795.0513,64914.4719,10.941903
790,64914.4719,64943.1961,64855.8833,64858.6531,6.277077
791,64858.6531,64864.7975,64794.7292,64810.8643,10.107140
792,64810.8643,64827.0629,64670.3173,64680.4594,17.384111
793,64680.4594,64686.7720,64566.4278,64584.3451,7.073176
794,64584.3451,64626.8997,64565.6576,64610.1284,14.249548
795,64610.1284,64628.5233,64577.3089,64588.0138,5.563572
796,64588.0138,64590.7062,64575.1535,64581.4225,7.597488
797,64581.4225,64585.5769,64496.5433,64515.3559,8.246409
798,64515.3559,64542.7534,64477.8503,64506.4785,20.230890
799,64506.4785,64606.7665,64489.3646,64602.6358,5.983013
800,64602.6358,64619.1089,64560.9144,64578.1435,19.885259
801,64578.1435,64587.2207,64544.7119,64550.8223,3.917677
802,64550.8223,64561.5153,64544.0132,64547.8101,8.642216
803,64547.8101,64672.7784,64535.8729,64660.2642,16.524379
804,64660.2642,64667.8713,64631.9665,64636.9984,14.485540
805,64636.9984,64659.5777,64603.1786,64612.5711,5.158458
806,64612.5711,64725.2851,64584.8645,64717.4507,4.531847
807,64717.4507,64787.9142,64717.4151,64780.0334,16.172196
808,64780.0334,64788.3165,64672.7172,64674.5832,4.426400
809,64674.5832,64837.3718,64666.3767,64834.9331,13.502049
810,64834.9331,64837.9978,64756.2068,64768.1509,6.930418
811,64768.1509,64828.4516,64765.5794,64821.7894,9.437648
812,64821.7894,64829.7208,64788.0945,64790.7074,38.634791
813,64790.7074,64799.7420,64723.9115,64731.8363,24.304785
814,64731.8363,64735.7305,64629.3233,64649.3514,15.803060
815,64649.3514,64666.8175,64593.9707,64599.0740,4.122687
816,64599.0740,64686.3285,64586.4584,64685.3709,11.529120
817,64685.3709,64704.9873,64664.4938,64672.8352,9.807306
818,64672.8352,64754.7364,64647.1714,64754.1889,8.934178
819,64754.1889,64755.6930,64670.4239,64672.0099,21.350912
820,64672.0099,64804.1721,64650.2319,64790.4248,3.348425
821,64790.4248,64800.9697,64750.8471,64761.3620,11.510945
822,64761.3620,64785.8420,64731.7407,64744.8517,10.246728
823,64744.8517,64775.9478,64730.6916,64759.3290,6.018854
824,64759.3290,64777.3237,64737.8068,64757.4743,27.040148
825,64757.4743,64805.8522,64755.3082,64789.8939,4.398794
826,64789.8939,64796.8912,64780.8123,64794.5060,9.648090
827,64794.5060,64795.6138,64767.8799,64781.4591,9.957163
828,64781.4591,64839.6111,64777.5299,64831.5144,2.509089
829,64831.5144,64832.0332,64725.2793,64734.6043,3.981784
830,64734.6043,64752.0141,64697.0048,64711.3437,5.265139
831,64711.3437,64734.4452,64695.3368,64727.8838,15.292514
832,64727.8838,64828.0736,64725.8930,64822.3094,16.827994
833,64822.3094,64831.3536,64728.7135,64733.0615,13.597230
834,64733.0615,64738.8424,64682.3820,64690.4168,10.966026
835,64690.4168,64715.1979,64658.4364,64708.1010,2.495307
836,64708.1010,64731.6174,64630.5939,64652.4141,10.803735
837,64652.4141,64666.4114,64575.2324,64586.6337,6.937017
838,64586.6337,64587.0980,64564.7324,64566.1836,19.289465
839,64566.1836,64588.4881,64552.3853,64583.1123,21.448704
840,64583.1123,64617.8427,64578.2118,64607.7481,36.849295
841,64607.7481,64612.4098,64581.5954,64599.9857,14.569005
842,64599.9857,64665.6887,64598.6094,64659.0572,15.538814
843,64659.0572,64752.7431,64656.9445,64734.0950,5.062457
844,64734.0950,64747.8369,64710.9010,64722.4581,9.936009
845,64722.4581,64764.5539,64709.1137,64749.6515,4.470577
846,64749.6515,64753.2829,64725.0481,64732.8661,16.322900
847,64732.8661,64739.1207,64717.5993,64720.3086,4.582277
848,64720.3086,64728.6365,64694.2331,64721.7578,8.308382
849,64721.7578,64727.0734,64590.8461,64608.8361,5.747496
850,64608.8361,64654.5459,64605.0584,64649.1075,7.115032
851,64649.1075,64695.2126,64641.1978,64688.3930,12.488828
852,64688.3930,64703.0514,64603.5607,64607.5779,6.713487
853,64607.5779,64632.6735,64599.3413,64632.2338,10.810844
854,64632.2338,64681.8732,64630.3249,64670.7120,5.138529
855,64670.7120,64708.2806,64667.3036,64694.6215,22.097886
856,64694.6215,64729.9495,64691.0081,64716.8331,6.389373
857,64716.8331,64725.3887,64688.4275,64695.5268,17.491911
858,64695.5268,64707.0319,64674.3596,64676.8757,34.678634
859,64676.8757,64681.9015,64656.5625,64681.5529,2.146837
860,64681.5529,64740.6967,64677.3104,64739.7172,5.168419
861,64739.7172,64804.7023,64730.3491,64797.0098,8.334756
862,64797.0098,64807.7171,64793.9964,64799.6041,19.250685
863,64799.6041,64867.5032,64790.3527,64850.3233,7.033396
864,64850.3233,65030.7492,64845.4495,65012.9434,11.895374
865,65012.9434,65025.7430,64938.5775,64944.5402,6.055805
866,64944.5402,64988.6961,64930.7259,64987.6835,13.299298
867,64987.6835,65098.7168,64958.1760,65093.7816,4.509334
868,65093.7816,65097.6396,65036.4699,65041.9290,15.710728
869,65041.9290,65061.2092,65020.0087,65020.1958,1.526322
870,65020.1958,65099.2087,65019.0865,65083.2096,2.982880
871,65083.2096,65149.8187,65067.0686,65136.2093,28.589717
872,65136.2093,65169.0817,65129.2696,65158.0752,10.480017
873,65158.0752,65353.9803,65143.6533,65345.0109,5.465152
874,65345.0109,65464.3673,65332.0723,65447.4387,36.147807
875,65447.4387,65465.7901,65408.9192,65409.8984,17.900201
876,65409.8984,65414.6694,65394.9152,65402.9779,18.773683
877,65402.9779,65465.1960,65391.3674,65461.1569,7.288024
878,65461.1569,65512.7496,65438.2742,65508.5367,13.777615
879,65508.5367,65553.9775,65493.1013,65553.8708,12.847344
880,65553.8708,65659.2965,65552.0107,65645.1868,3.426756
881,65645.1868,65658.1376,65576.2636,65577.5260,13.541506
882,65577.5260,65639.9277,65575.3574,65631.8352,8.420129
883,65631.8352,65647.0334,65628.9144,65636.5051,20.676226
884,65636.5051,65644.3237,65624.9671,65631.1149,20.928124
885,65631.1149,65685.3083,65621.3696,65665.9559,6.361256
886,65665.9559,65789.3631,65657.3388,65759.6858,6.513700
887,65759.6858,65773.5330,65737.5269,65747.5175,10.590273
888,65747.5175,65768.2905,65742.9988,65764.0614,14.058382
889,65764.0614,65777.9014,65745.1671,65752.3038,7.324987
890,65752.3038,65760.3237,65744.5317,65747.5373,8.781580
891,65747.5373,65782.9775,65721.5265,65780.2713,13.682161
892,65780.2713,65796.4877,65770.2385,65783.5529,12.196258
893,65783.5529,65867.3288,65783.5296,65846.9196,19.178118
894,65846.9196,65848.2475,65711.7965,65713.3418,10.893978
895,65713.3418,65717.9909,65655.0165,65660.8691,5.469848
896,65660.8691,65680.4310,65658.1848,65666.6331,3.196778
897,65666.6331,65678.8358,65569.7207,65578.4286,15.465491
898,65578.4286,65589.0648,65415.5992,65440.6882,7.671345
899,65440.6882,65471.0823,65435.1025,65467.9563,7.603068
900,65467.9563,65518.3682,65455.7313,65514.4881,7.877639
901,65514.4881,65562.6650,65491.5439,65558.4789,3.589193
902,65558.4789,65671.4347,65550.7449,65667.7966,7.402279
903,65667.7966,65676.7675,65666.5797,65674.2957,1.907687
904,65674.2957,65725.3929,65664.0752,65706.6080,7.347238
905,65706.6080,65756.9195,65693.3904,65753.9182,5.429627
906,65753.9182,65782.1229,65749.7555,65768.5355,29.027657
907,65768.5355,65769.1349,65710.8230,65724.5836,12.368255
908,65724.5836,65743.0961,65688.3058,65704.8532,8.244954
909,65704.8532,65712.4667,65656.7375,65668.2763,10.384462
910,65668.2763,65717.7344,65657.1678,65717.5488,14.705954
911,65717.5488,65722.6183,65596.0236,65610.8751,5.905748
912,65610.8751,65686.1031,65608.3918,65681.3081,8.159105
913,65681.3081,65684.1806,65488.5430,65522.5284,7.556197
914,65522.5284,65592.7196,65501.0277,65581.8021,43.233335
915,65581.8021,65629.2382,65574.8826,65625.8459,9.823930
916,65625.8459,65649.0538,65622.5005,65637.3276,2.805463
917,65637.3276,65736.4286,65626.3544,65722.6986,15.329274
918,65722.6986,65734.1885,65681.9700,65683.6669,46.069969
919,65683.6669,65694.3793,65674.9418,65675.5593,5.215621
920,65675.5593,65680.2984,65594.3803,65603.6196,79.818758
921,65603.6196,65672.3481,65602.5139,65667.2064,9.033921
922,65667.2064,65735.3465,65648.7743,65723.7669,17.378740
923,65723.7669,65797.7865,65713.5992,65782.1752,6.634432
924,65782.1752,65783.3600,65664.1208,65681.8668,7.950520
925,65681.8668,65706.2666,65594.1023,65608.5812,4.397200
926,65608.5812,65613.9126,65605.2559,65607.2650,4.895088
927,65607.2650,65616.8060,65572.0586,65573.7465,2.505548
928,65573.7465,65589.7181,65563.2022,65565.2987,18.987997
929,65565.2987,65700.0437,65565.0047,65692.9939,4.622171
930,65692.9939,65791.3433,65671.9304,65781.3957,11.786862
931,65781.3957,65786.5747,65688.7569,65699.9895,11.496054
932,65699.9895,65703.7508,65691.4616,65699.7048,6.284548
933,65699.7048,65772.6987,65697.8530,65762.7485,9.657675
934,65762.7485,65780.6986,65726.4989,65758.2190,8.843869
935,65758.2190,65765.0305,65708.5419,65711.4848,6.905695
936,65711.4848,65713.5958,65678.8809,65695.6684,9.664815
937,65695.6684,65712.9484,65614.4733,65642.4793,9.669864
938,65642.4793,65649.0053,65538.4599,65557.4776,4.991997
939,65557.4776,65593.5523,65551.5577,65588.9540,4.209220
940,65588.9540,65593.3305,65468.6394,65477.7999,5.547082
941,65477.7999,65517.3747,65457.9721,65509.4268,10.094265
942,65509.4268,65566.7198,65494.8671,65565.3004,22.005451
943,65565.3004,65639.0490,65562.0283,65619.3805,23.223241
944,65619.3805,65633.9412,65611.9456,65631.8054,11.368343
945,65631.8054,65710.6377,65628.4009,65708.4149,16.810127
946,65708.4149,65713.8706,65603.2144,65613.1988,10.100322
947,65613.1988,65718.4879,65602.2779,65686.1879,18.531559
948,65686.1879,65752.0814,65674.2045,65731.6739,10.129411
949,65731.6739,65850.6455,65720.3390,65843.8654,11.932024
950,65843.8654,65873.6190,65822.8458,65864.9298,7.846928
951,65864.9298,65874.6650,65853.2895,65865.0580,9.321563
952,65865.0580,65867.4556,65834.2822,65852.5468,30.276607
953,65852.5468,65954.1604,65836.0425,65951.8542,4.454383
954,65951.8542,65952.9806,65845.8141,65867.8471,9.368518
955,65867.8471,65920.4686,65853.5003,65908.9671,6.484355
956,65908.9671,65935.6650,65900.6477,65925.1555,16.941938
957,65925.1555,65931.4007,65818.1639,65821.0454,28.774219
958,65821.0454,65824.6631,65722.7658,65750.3135,7.706082
959,65750.3135,65777.9196,65710.9430,65734.0752,1.677605
960,65734.0752,65734.8527,65706.0339,65713.7881,13.682595
961,65713.7881,65798.0859,65705.1122,65782.0843,13.687718
962,65782.0843,65811.9536,65759.1246,65803.2097,3.288659
963,65803.2097,65805.8971,65713.9664,65725.0447,8.040805
964,65725.0447,65744.1956,65658.5620,65662.6847,8.960202
965,65662.6847,65672.9917,65589.5113,65591.7399,2.225354
966,65591.7399,65606.4793,65510.4453,65527.6793,14.192626
967,65527.6793,65544.1759,65511.1971,65522.8658,12.265391
968,65522.8658,65593.9098,65512.2397,65589.4251,10.827933
969,65589.4251,65619.4988,65537.1003,65550.4177,4.832397
970,65550.4177,65558.6709,65491.9083,65497.2384,5.998174
971,65497.2384,65534.8863,65493.0765,65518.2594,6.296675
972,65518.2594,65523.7819,65420.6543,65424.1062,12.559232
973,65424.1062,65426.6446,65408.7912,65412.4331,5.062590
974,65412.4331,65484.1758,65403.6945,65463.2881,23.152099
975,65463.2881,65479.9522,65364.4944,65367.7915,11.792961
976,65367.7915,65406.8994,65346.2557,65386.0574,2.407364
977,65386.0574,65413.7888,65377.6808,65409.3435,26.547074
978,65409.3435,65413.7951,65319.4253,65331.4334,10.282955
979,65331.4334,65335.6112,65321.9362,65326.4591,6.617251
980,65326.4591,65339.9526,65288.6374,65294.5981,9.926649
981,65294.5981,65314.0905,65177.6350,65182.1848,2.990879
982,65182.1848,65193.1095,65053.8398,65079.2494,10.479613
983,65079.2494,65181.5374,65076.7158,65179.4592,2.015819
984,65179.4592,65189.7773,65046.3240,65062.7959,4.923869
985,65062.7959,65088.2660,65049.7335,65082.5854,21.627156
986,65082.5854,65195.9719,65073.7159,65190.1882,20.413919
987,65190.1882,65203.6196,65108.7717,65122.0544,7.520292
988,65122.0544,65205.2451,65112.4486,65194.3568,5.093240
989,65194.3568,65218.5135,65183.8854,65206.7643,16.624182
990,65206.7643,65269.9501,65204.4463,65235.6338,9.010202
991,65235.6338,65238.2997,65213.0927,65231.6937,10.606631
992,65231.6937,65252.0606,65187.7121,65196.5778,13.732260
993,65196.5778,65212.4208,65133.0426,65155.6399,4.750658
994,65155.6399,65162.9573,65004.1739,65009.0144,15.232524
995,65009.0144,65018.0271,64954.1042,64971.0896,2.484054
996,64971.0896,64977.3751,64892.8636,64894.0359,23.120277
997,64894.0359,64977.0282,64891.8886,64965.4839,3.486358
998,64965.4839,64972.7877,64905.2272,64929.4992,6.272471
999,64929.4992,64930.5795,64919.0161,64928.0941,6.112601
1000,64928.0941,64934.2032,64869.1504,64878.5694,14.613137
1001,64878.5694,64886.5668,64770.5411,64787.8523,14.773771
1002,64787.8523,64789.2983,64728.4615,64730.2070,11.602035
1003,64730.2070,64753.3436,64721.3540,64752.9395,13.006808
1004,64752.9395,64816.6338,64749.2726,64798.3027,12.416958
1005,64798.3027,64801.9167,64724.5469,64735.1161,8.853688
1006,64735.1161,64736.6949,64700.4052,64702.6831,2.808107
1007,64702.6831,64703.3074,64540.0402,64553.2636,2.193549
1008,64553.2636,64613.7827,64551.0352,64613.3719,2.199115
1009,64613.3719,64620.2387,64497.9661,64500.0899,8.982488
1010,64500.0899,64574.8013,64493.8392,64564.2734,8.025770
1011,64564.2734,64584.1515,64554.6495,64570.0441,8.479655
1012,64570.0441,64692.0545,64567.0405,64672.5187,10.643813
1013,64672.5187,64806.1697,64666.8285,64791.9037,7.981756
1014,64791.9037,64798.5110,64624.2678,64634.1821,4.949507
1015,64634.1821,64809.3541,64629.4205,64788.7524,3.611918
1016,64788.7524,64794.6686,64662.1925,64669.4354,2.820222
1017,64669.4354,64671.0039,64648.1772,64650.5985,19.765462
1018,64650.5985,64732.3742,64648.6197,64722.2522,16.295215
1019,64722.2522,64740.6581,64721.0539,64737.9648,3.958398
1020,64737.9648,64852.8168,64737.7919,64848.5817,7.776993
1021,64848.5817,64867.5154,64806.2753,64808.2697,12.162245
1022,64808.2697,64878.6576,64788.8818,64869.7642,25.032687
1023,64869.7642,64902.3458,64854.8934,64889.1766,6.328504
1024,64889.1766,64935.6344,64881.8104,64924.5011,10.290370
1025,64924.5011,64994.9845,64919.3920,64977.6745,19.032680
1026,64977.6745,65029.2116,64973.3908,65026.0453,3.106719
1027,65026.0453,65058.6931,65024.6534,65051.2119,5.823951
1028,65051.2119,65063.6750,65022.4900,65025.7203,8.992261
1029,65025.7203,65165.3512,65017.7023,65141.3559,5.866670
1030,65141.3559,65223.9596,65124.0823,65203.5624,34.616032
1031,65203.5624,65235.4096,65172.4435,65230.4921,15.864940
1032,65230.4921,65261.9803,65228.1653,65256.6346,10.416496
1033,65256.6346,65259.7435,65187.5382,65202.1952,5.044762
1034,65202.1952,65216.1441,65144.4275,65155.9998,15.849403
1035,65155.9998,65160.4690,65105.3033,65111.4469,13.685627
1036,65111.4469,65148.4575,65106.3898,65144.6111,6.664841
1037,65144.6111,65296.3355,65141.3090,65276.1975,7.008602
1038,65276.1975,65297.8178,65202.6970,65213.0504,3.679213
1039,65213.0504,65218.2938,65177.8658,65180.9943,8.763485
1040,65180.9943,65182.4936,65027.8175,65029.4265,15.824866
1041,65029.4265,65107.3304,64999.3529,65095.0522,17.218827
1042,65095.0522,65096.7227,65026.0459,65028.5184,13.226145
1043,65028.5184,65048.7446,65026.5586,65040.6805,15.413222
1044,65040.6805,65098.8945,65009.2994,65075.9246,6.355500
1045,65075.9246,65087.6193,65052.2914,65060.1989,6.845225
1046,65060.1989,65088.6961,65059.5278,65081.2108,19.545306
1047,65081.2108,65107.8261,65036.7289,65039.0398,12.188584
1048,65039.0398,65043.4982,65034.7654,65043.0344,5.583643
1049,65043.0344,65061.3443,64999.4046,65004.8915,12.572700
1050,65004.8915,65038.1566,64890.0324,64903.7751,15.452851
1051,64903.7751,64921.8032,64822.7565,64828.5987,14.303305
1052,64828.5987,64829.1067,64718.4367,64724.0503,9.822127
1053,64724.0503,64748.2030,64624.7268,64652.1713,6.644532
1054,64652.1713,64661.6717,64626.1420,64648.8863,11.787266
1055,64648.8863,64661.8022,64622.7594,64629.1366,26.529732
1056,64629.1366,64644.0596,64588.1670,64593.6212,10.062360
1057,64593.6212,64608.4232,64561.0590,64564.7873,6.039262
1058,64564.7873,64613.9904,64558.0300,64613.2355,11.346850
1059,64613.2355,64676.2613,64604.2762,64666.4025,4.240308
1060,64666.4025,64672.6166,64576.2088,64589.0203,10.588152
1061,64589.0203,64864.9077,64565.0731,64864.0870,7.604563
1062,64864.0870,64868.8646,64772.8512,64785.7721,16.700112
1063,64785.7721,64792.2556,64695.8806,64715.6588,9.780486
1064,64715.6588,64818.8193,64693.1843,64818.5798,17.683949
1065,64818.5798,64829.3395,64772.7550,64783.4464,38.661071
1066,64783.4464,64807.0808,64781.0196,64803.3259,7.998768
1067,64803.3259,64860.3880,64796.7893,64831.6022,5.436953
1068,64831.6022,64858.6110,64725.9516,64730.5643,12.216519
1069,64730.5643,64839.2208,64709.9286,64824.2472,8.673214
1070,64824.2472,64906.5027,64821.8387,64898.8979,10.012268
1071,64898.8979,64915.9325,64851.0492,64858.2653,6.285882
1072,64858.2653,64873.4522,64820.1132,64820.4850,12.966263
1073,64820.4850,64970.7618,64813.8819,64964.1819,9.565059
1074,64964.1819,64977.2056,64933.1360,64940.0143,2.373251
1075,64940.0143,64953.7220,64869.8728,64870.9533,7.898890
1076,64870.9533,64874.7647,64787.2109,64801.6755,11.278364
1077,64801.6755,64811.4723,64752.1367,64752.9482,19.115439
1078,64752.9482,64822.4169,64736.2816,64817.5187,6.381948
1079,64817.5187,64860.2197,64805.7621,64855.2928,5.545419
1080,64855.2928,64905.7820,64849.7643,64894.4609,18.761905
1081,64894.4609,64905.3992,64881.5230,64899.7660,6.253625
1082,64899.7660,64928.4243,64897.4756,64922.9888,9.770572
1083,64922.9888,64934.6770,64810.0873,64825.4613,12.290800
1084,64825.4613,64878.0879,64798.0415,64864.8165,14.500713
1085,64864.8165,64867.1794,64807.1987,64809.3454,9.195728
1086,64809.3454,64817.7909,64774.0686,64794.4300,4.569357
1087,64794.4300,64831.4282,64774.4737,64818.7361,17.190220
1088,64818.7361,64828.7362,64762.5639,64765.0612,6.975969
1089,64765.0612,64778.7201,64713.7068,64732.0467,6.607743
1090,64732.0467,64824.2907,64730.8041,64807.6356,31.980046
1091,64807.6356,64822.8887,64760.0470,64790.7375,15.821652
1092,64790.7375,64805.2381,64696.0993,64716.9497,4.720299
1093,64716.9497,64780.6582,64709.7731,64778.4266,6.770884
1094,64778.4266,64834.1725,64777.0726,64822.6887,7.843583
1095,64822.6887,64837.3155,64799.2846,64803.6742,5.729091
1096,64803.6742,64919.1653,64798.6834,64914.9004,2.765410
1097,64914.9004,64915.5877,64870.3879,64884.5353,15.072474
1098,64884.5353,64912.7932,64876.0866,64903.3461,14.826935
1099,64903.3461,64961.6737,64894.3798,64954.8643,10.639633
1100,64954.8643,64973.1343,64938.1377,64950.9494,7.114639
1101,64950.9494,65021.8949,64948.5705,65021.4194,10.428561
1102,65021.4194,65021.7923,64963.6982,65003.7408,13.600669
1103,65003.7408,65100.8862,64975.2993,65076.5469,4.771831
1104,65076.5469,65086.6693,65066.3934,65083.0913,7.427512
1105,65083.0913,65141.5212,65074.0629,65124.9514,6.447856
1106,65124.9514,65157.3214,65076.1894,65088.3837,14.095022
1107,65088.3837,65096.6294,65071.1647,65076.6951,10.749171
1108,65076.6951,65080.0082,65011.8979,65036.4479,4.067785
1109,65036.4479,65095.6346,65031.2717,65084.4378,6.219162
1110,65084.4378,65091.0477,65015.2301,65016.6637,27.428795
1111,65016.6637,65046.3170,64989.3255,65027.8443,4.989119
1112,65027.8443,65045.8262,64830.2177,64857.0515,10.026936
1113,64857.0515,64898.9194,64852.8351,64885.3441,6.168008
1114,64885.3441,64991.1822,64863.0074,64974.6378,19.832673
1115,64974.6378,64978.7320,64956.8101,64965.5214,8.767914
1116,64965.5214,64973.0172,64800.2742,64801.8278,6.952057
1117,64801.8278,64809.7097,64763.8253,64768.6897,4.390442
1118,64768.6897,64780.6425,64730.9034,64732.7230,7.830866
1119,64732.7230,64735.3802,64709.5186,64719.6620,15.269747
1120,64719.6620,64760.7087,64717.9588,64757.1936,13.856626
1121,64757.1936,64777.5767,64699.4912,64714.9705,4.003429
1122,64714.9705,64723.1979,64672.3071,64677.6205,24.051022
1123,64677.6205,64697.2333,64659.5863,64693.1377,7.819841
1124,64693.1377,64829.1595,64685.1637,64812.1419,4.733259
1125,64812.1419,64830.9762,64795.2424,64830.0949,9.864538
1126,64830.0949,64915.6262,64821.6262,64906.7728,6.188920
1127,64906.7728,64917.1984,64901.0952,64915.4099,6.356376
1128,64915.4099,64925.0299,64791.7266,64795.9850,6.148237
1129,64795.9850,64805.2321,64774.6324,64789.3047,8.607758
1130,64789.3047,64808.5547,64765.3587,64766.3529,6.670658
1131,64766.3529,64804.8003,64741.7701,64800.5595,3.144758
1132,64800.5595,64806.3602,64781.1667,64787.1594,12.588087
1133,64787.1594,64798.4725,64703.2324,64740.6504,6.580304
1134,64740.6504,64844.5722,64737.6250,64826.9322,19.123114
1135,64826.9322,64851.8445,64798.5267,64804.0377,12.684245
1136,64804.0377,65003.3169,64785.7003,65002.0739,13.338127
1137,65002.0739,65086.3363,65001.4505,65077.5400,10.180207
1138,65077.5400,65092.8634,65062.0956,65066.4437,20.329901
1139,65066.4437,65145.5613,65041.0361,65124.2689,7.418568
1140,65124.2689,65190.0997,65118.2347,65177.6807,4.906673
1141,65177.6807,65182.8628,65065.8490,65090.4401,11.260323
1142,65090.4401,65138.6636,65073.0277,65124.7222,1.679353
1143,65124.7222,65134.8441,65114.5465,65122.8014,7.228023
1144,65122.8014,65140.2088,65079.7076,65090.6035,10.381605
1145,65090.6035,65127.0720,65073.9850,65112.2484,7.017529
1146,65112.2484,65123.8863,65074.8220,65076.9642,19.818524
1147,65076.9642,65119.5359,65075.2944,65113.6652,14.034196
1148,65113.6652,65169.8851,65109.9922,65141.5595,9.743743
1149,65141.5595,65162.9870,65125.5592,65153.8738,7.084579
1150,65153.8738,65163.1150,65144.3857,65149.5834,17.912984
1151,65149.5834,65249.1796,65136.7916,65230.5268,5.959608
1152,65230.5268,65234.5845,65210.3472,65231.0980,7.014803
1153,65231.0980,65237.5417,65226.9141,65235.7989,14.426342
1154,65235.7989,65246.8614,65173.7915,65196.4680,13.132421
1155,65196.4680,65199.7043,65082.5231,65103.0074,32.056602
1156,65103.0074,65106.1377,65070.6748,65071.8627,7.934602
1157,65071.8627,65077.9209,65068.6063,65069.9687,2.827104
1158,65069.9687,65070.2990,65024.8649,65031.0933,13.656108
1159,65031.0933,65033.2166,64967.1313,64984.2824,19.780073
1160,64984.2824,64993.2092,64831.7753,64835.4864,8.189022
1161,64835.4864,64848.8948,64828.9522,64846.1968,23.834962
1162,64846.1968,64859.0195,64750.1980,64755.6172,27.344786
1163,64755.6172,64902.2614,64741.3978,64880.0932,6.001295
1164,64880.0932,64933.7644,64846.8994,64918.7702,6.729918
1165,64918.7702,65042.5294,64910.2931,65039.9382,4.171675
1166,65039.9382,65064.5859,65013.0344,65050.4903,12.689792
1167,65050.4903,65051.1582,64995.1070,65005.1932,14.148839
1168,65005.1932,65023.4553,65003.8172,65012.8834,13.184980
1169,65012.8834,65031.6609,64989.9277,64991.3377,4.219164
1170,64991.3377,65033.8705,64975.7261,65026.3419,5.645945
1171,65026.3419,65057.3329,65025.8493,65056.7144,3.732073
1172,65056.7144,65059.3089,64999.5960,65017.1348,3.336537
1173,65017.1348,65046.5518,64991.3478,65044.2864,3.932524
1174,65044.2864,65065.4814,64944.1896,64945.1844,3.399975
1175,64945.1844,64947.7939,64916.4303,64931.7754,8.086051
1176,64931.7754,64960.6972,64928.4068,64957.0844,11.764772
1177,64957.0844,64967.5870,64914.8152,64931.6664,13.327111
1178,64931.6664,64971.3571,64926.7284,64968.4433,8.935033
1179,64968.4433,65011.7043,64949.0297,64991.4774,5.969192
1180,64991.4774,65008.9995,64927.2594,64932.3286,8.987922
1181,64932.3286,64937.6450,64913.6089,64919.7569,12.869497
1182,64919.7569,64970.3408,64912.4341,64946.5809,7.528680
1183,64946.5809,64958.2035,64850.2521,64867.2377,9.342954
1184,64867.2377,64882.6107,64835.5623,64838.3075,7.480593
1185,64838.3075,64841.5004,64825.9208,64837.4324,6.535455
1186,64837.4324,64919.3666,64812.5018,64897.5513,9.230594
1187,64897.5513,65004.7104,64893.2160,65002.2349,4.530372
1188,65002.2349,65011.6882,64953.1154,64960.6669,17.317841
1189,64960.6669,64965.3877,64914.1519,64921.6655,3.437256
1190,64921.6655,64924.4903,64889.5685,64908.0309,12.015392
1191,64908.0309,64987.7393,64895.3097,64987.5868,3.890578
1192,64987.5868,65113.3112,64979.1473,65089.8020,22.984172
1193,65089.8020,65097.4812,65005.2018,65014.7902,15.457645
1194,65014.7902,65091.9715,65003.2945,65074.9180,5.467716
1195,65074.9180,65143.8094,65066.6623,65131.6395,6.838845
1196,65131.6395,65172.6058,65129.9064,65154.9166,4.495835
1197,65154.9166,65186.7081,65154.0506,65186.0431,8.709346
1198,65186.0431,65202.5435,65121.9784,65122.0813,11.641116
1199,65122.0813,65148.8217,65118.4107,65137.7116,43.798031
1200,65137.7116,65255.1720,65137.7082,65238.6894,3.880630
1201,65238.6894,65343.7885,65232.7750,65336.1379,19.431961
1202,65336.1379,65469.7932,65314.5949,65460.9980,6.299037
1203,65460.9980,65468.7339,65444.3651,65454.9423,10.701890
1204,65454.9423,65459.4499,65416.3517,65423.6832,15.534660
1205,65423.6832,65441.8461,65403.4598,65415.2661,12.625860
1206,65415.2661,65525.0902,65409.1000,65509.3521,11.718774
1207,65509.3521,65525.7768,65261.2735,65266.0773,7.991700
1208,65266.0773,65273.0651,65214.5256,65215.1360,8.978895
1209,65215.1360,65252.9818,65190.8637,65231.9365,9.918223
1210,65231.9365,65340.5350,65215.8788,65335.3224,18.921199
1211,65335.3224,65402.2190,65327.1467,65388.0937,3.645905
1212,65388.0937,65414.2500,65367.3552,65413.7668,6.662036
1213,65413.7668,65434.7326,65402.2204,65428.0244,4.180095
1214,65428.0244,65437.7131,65411.8002,65416.6630,4.977577
1215,65416.6630,65440.1921,65401.8234,65427.8263,5.514381
1216,65427.8263,65435.9792,65360.7169,65367.4756,17.774479
1217,65367.4756,65368.7050,65290.3865,65294.5142,33.905732
1218,65294.5142,65330.6756,65267.1414,65315.1586,20.829265
1219,65315.1586,65389.3453,65277.7998,65377.4082,4.343585
1220,65377.4082,65405.7405,65369.1011,65397.8840,9.452635
1221,65397.8840,65467.1058,65397.7653,65457.0887,4.478676
1222,65457.0887,65465.5050,65358.2030,65366.4348,11.879031
1223,65366.4348,65390.4318,65294.0084,65306.3046,19.773463
1224,65306.3046,65356.5707,65293.9757,65350.3236,12.968252
1225,65350.3236,65355.1070,65318.9466,65346.6369,15.443486
1226,65346.6369,65415.5992,65344.1072,65400.6492,8.240205
1227,65400.6492,65414.1142,65384.1877,65398.3207,2.677814
1228,65398.3207,65402.1964,65371.3771,65380.4493,2.656891
1229,65380.4493,65402.4253,65318.8238,65323.2545,8.491502
1230,65323.2545,65335.6829,65255.7916,65267.8834,12.862444
1231,65267.8834,65276.8859,65215.6903,65219.5208,19.757138
1232,65219.5208,65351.4561,65203.5571,65351.0675,7.279476
1233,65351.0675,65421.4411,65341.7590,65403.0488,9.448539
1234,65403.0488,65484.1584,65385.3696,65470.7983,10.564976
1235,65470.7983,65475.4812,65423.8296,65430.7292,17.381808
1236,65430.7292,65451.5378,65407.8449,65447.4625,8.642724
1237,65447.4625,65568.6699,65434.6833,65563.2520,4.594007
1238,65563.2520,65572.7028,65518.2335,65540.1211,17.587072
1239,65540.1211,65553.5571,65525.0205,65525.2675,11.627178
1240,65525.2675,65539.3288,65362.2340,65381.7365,11.422292
1241,65381.7365,65410.5430,65377.2632,65408.6883,4.119489
1242,65408.6883,65454.5357,65395.6620,65452.3369,8.981923
1243,65452.3369,65464.4007,65412.5142,65426.8440,3.126906
1244,65426.8440,65562.4892,65410.0967,65552.4828,2.618683
1245,65552.4828,65559.8082,65486.0651,65487.5737,7.795768
1246,65487.5737,65527.3969,65486.5133,65526.8622,6.899664
1247,65526.8622,65581.5734,65524.1621,65569.2317,12.803374
1248,65569.2317,65590.7643,65561.5049,65581.7769,21.940717
1249,65581.7769,65714.8944,65576.1889,65694.6672,8.833479
1250,65694.6672,65763.5591,65680.5537,65755.9791,27.161490
1251,65755.9791,65768.3190,65726.9750,65730.9064,6.279958
1252,65730.9064,65746.8529,65716.2195,65742.4350,14.438412
1253,65742.4350,65759.3875,65528.6382,65534.5508,4.131476
1254,65534.5508,65540.9871,65516.5278,65525.0629,9.754173
1255,65525.0629,65640.6725,65515.1374,65631.9696,7.425049
1256,65631.9696,65633.2627,65621.5281,65627.3337,7.932565
1257,65627.3337,65638.8916,65610.0387,65633.2043,12.969392
1258,65633.2043,65855.0757,65628.9643,65838.9126,2.823524
1259,65838.9126,65854.2101,65764.8941,65767.5564,9.689856
1260,65767.5564,65773.7806,65756.9111,65773.3803,5.470090
1261,65773.3803,65779.3641,65731.1519,65748.0497,9.697871
1262,65748.0497,65771.8750,65669.2586,65711.4108,11.494339
1263,65711.4108,65713.3427,65696.9215,65698.8704,7.178715
1264,65698.8704,65839.6525,65682.6550,65834.0950,7.173069
1265,65834.0950,65885.4562,65820.7462,65885.0591,4.435611
1266,65885.0591,65907.9020,65851.5017,65893.8560,12.653614
1267,65893.8560,65978.6439,65890.0468,65966.2490,5.962082
1268,65966.2490,65989.8847,65947.1592,65973.0338,11.860796
1269,65973.0338,65988.1318,65940.6912,65980.7861,3.749628
1270,65980.7861,66054.8100,65970.9835,66035.0826,20.950180
1271,66035.0826,66154.3935,66022.6208,66126.7466,4.810151
1272,66126.7466,66128.9931,66112.0340,66118.5546,18.396959
1273,66118.5546,66121.5189,66037.5235,66040.1295,6.846858
1274,66040.1295,66171.1322,66015.0819,66169.3075,12.625366
1275,66169.3075,66262.4540,66167.0719,66251.3216,8.259401
1276,66251.3216,66389.3321,66242.3840,66384.1187,13.707782
1277,66384.1187,66429.7532,66373.8061,66410.3588,9.048526
1278,66410.3588,66425.9758,66401.4002,66425.4083,19.718405
1279,66425.4083,66529.9885,66379.1036,66524.1305,13.644706
1280,66524.1305,66534.0024,66485.7775,66489.9762,13.725690
1281,66489.9762,66504.3708,66482.9822,66491.0921,25.218529
1282,66491.0921,66498.4559,66449.1216,66450.1621,5.873500
1283,66450.1621,66451.4663,66380.8657,66390.8360,20.104449
1284,66390.8360,66391.2438,66297.6022,66300.6622,9.429308
1285,66300.6622,66303.2196,66192.5412,66212.2771,3.630980
1286,66212.2771,66243.9798,66210.1411,66243.6606,12.111006
1287,66243.6606,66261.9051,66135.2261,66146.6357,7.958594
1288,66146.6357,66183.2655,66043.8687,66047.2411,25.496032
1289,66047.2411,66054.0171,66004.5015,66037.4101,6.668200
1290,66037.4101,66134.2953,66015.2284,66117.0659,9.301496
1291,66117.0659,66136.6937,66107.1696,66114.5234,10.424225
1292,66114.5234,66130.2264,66107.7466,66120.3426,2.793054
1293,66120.3426,66191.2654,66117.2099,66188.6117,12.336836
1294,66188.6117,66199.7310,66075.5561,66090.7098,4.894282
1295,66090.7098,66097.8608,66008.9960,66024.4240,21.459306
1296,66024.4240,66109.9815,66020.9083,66094.6599,25.155073
1297,66094.6599,66096.6202,66076.0242,66076.9260,8.977460
1298,66076.9260,66081.0271,65983.8693,66000.2948,3.401972
1299,66000.2948,66004.3582,65971.3293,65985.8173,10.091467
1300,65985.8173,66140.7532,65978.8311,66133.8798,10.057491
1301,66133.8798,66148.1719,65991.4807,66004.6790,14.058920
1302,66004.6790,66011.4773,65990.2928,65998.1332,7.520245
1303,65998.1332,66105.3567,65988.4621,66093.9496,4.338027
1304,66093.9496,66100.2786,66032.1923,66042.2378,8.268491
1305,66042.2378,66066.9135,66009.9407,66054.8464,5.104975
1306,66054.8464,66095.2839,66048.8237,66080.3475,26.850381
1307,66080.3475,66126.5961,66079.0236,66122.7812,5.839925
1308,66122.7812,66208.6191,66109.9195,66173.4263,6.041320
1309,66173.4263,66227.9696,66143.4812,66213.5754,8.768134
1310,66213.5754,66221.8345,66181.9847,66197.0275,4.207024
1311,66197.0275,66343.3809,66177.6120,66336.2213,6.860126
1312,66336.2213,66381.1992,66334.6127,66380.2487,8.303755
1313,66380.2487,66402.6091,66251.4228,66257.2585,6.680895
1314,66257.2585,66321.3106,66252.2281,66302.5183,7.731421
1315,66302.5183,66308.9452,66247.0860,66263.7104,19.367716
1316,66263.7104,66346.3252,66258.0200,66344.6739,11.783660
1317,66344.6739,66435.6773,66329.7613,66431.5859,3.963096
1318,66431.5859,66434.5325,66410.7025,66414.7164,6.928779
1319,66414.7164,66431.7803,66323.0777,66323.1747,14.282231
1320,66323.1747,66324.6368,66160.7621,66180.0069,6.047774
1321,66180.0069,66223.2887,66156.8644,66202.8966,9.489716
1322,66202.8966,66207.5214,66100.5361,66107.3954,8.865694
1323,66107.3954,66122.6812,66060.4215,66068.5291,12.491136
1324,66068.5291,66113.9362,66062.4899,66107.8857,8.083143
1325,66107.8857,66114.6377,66019.0373,66020.4287,8.273731
1326,66020.4287,66056.6245,65976.1814,66050.0538,5.320830
1327,66050.0538,66110.9405,66042.9828,66110.7514,11.258474
1328,66110.7514,66117.3169,66084.0822,66094.4075,5.099623
1329,66094.4075,66125.9046,66089.4447,66104.0642,26.208010
1330,66104.0642,66206.6433,66087.3539,66193.6944,8.913524
1331,66193.6944,66229.5527,66187.4242,66222.2405,7.863995
1332,66222.2405,66226.4435,66144.5128,66153.8567,14.653361
1333,66153.8567,66157.0865,66075.4601,66110.9157,8.565439
1334,66110.9157,66134.9231,66082.7567,66091.5560,9.528889
1335,66091.5560,66096.8981,66023.8297,66026.9133,8.738084
1336,66026.9133,66117.7532,66025.7480,66115.9477,5.777459
1337,66115.9477,66182.1837,66113.8417,66173.6533,5.119969
1338,66173.6533,66207.1022,66171.6833,66197.6914,5.870719
1339,66197.6914,66316.5238,66191.7736,66314.2322,18.099676
1340,66314.2322,66354.1876,66313.4656,66334.0195,6.135711
1341,66334.0195,66362.5940,66218.6793,66231.7832,7.032157
1342,66231.7832,66248.1203,66126.2465,66136.7436,6.847099
1343,66136.7436,66236.5806,66133.1708,66233.9192,13.858543
1344,66233.9192,66247.1416,66172.1651,66189.3164,30.501250
1345,66189.3164,66203.4301,66186.8689,66203.1671,5.112312
1346,66203.1671,66203.7760,66124.6555,66138.2074,12.643413
1347,66138.2074,66145.5571,66092.6969,66116.4029,9.711935
1348,66116.4029,66149.0603,66106.6430,66141.0922,7.491517
1349,66141.0922,66182.8537,66139.7273,66165.9738,12.311003
1350,66165.9738,66243.0690,66161.2157,66228.7492,4.132942
1351,66228.7492,66370.5235,66214.9437,66356.6146,15.053211
1352,66356.6146,66415.8756,66348.4327,66414.5565,10.335453
1353,66414.5565,66472.9634,66403.2880,66441.0965,4.889840
1354,66441.0965,66455.3059,66431.3501,66455.0290,24.029789
1355,66455.0290,66499.3269,66439.8633,66478.9879,15.222391
1356,66478.9879,66543.8364,66472.0785,66537.9990,18.432840
1357,66537.9990,66637.2071,66534.0232,66630.5315,3.692173
1358,66630.5315,66632.3906,66612.6819,66631.7385,7.638744
1359,66631.7385,66689.8165,66627.9836,66685.6928,6.546363
1360,66685.6928,66733.1538,66684.4245,66720.6885,13.259583
1361,66720.6885,66757.4206,66692.3245,66744.1282,20.740131
1362,66744.1282,66777.3349,66726.9084,66774.2764,2.800147
1363,66774.2764,66873.6086,66766.1773,66851.8765,9.137981
1364,66851.8765,66864.2081,66789.0326,66790.1820,8.352967
1365,66790.1820,66797.2209,66620.4597,66627.2083,16.669682
1366,66627.2083,66636.5289,66598.9465,66616.1340,8.802505
1367,66616.1340,66628.9956,66541.9103,66543.7741,4.132927
1368,66543.7741,66559.4653,66452.2059,66454.1621,8.009447
1369,66454.1621,66454.7625,66381.7907,66395.8727,4.777207
1370,66395.8727,66466.2699,66379.1879,66460.2371,5.598707
1371,66460.2371,66460.8737,66413.0044,66431.6760,9.261540
1372,66431.6760,66491.7398,66431.6100,66487.9895,6.718299
1373,66487.9895,66633.4521,66472.6680,66610.6850,10.711185
1374,66610.6850,66659.3995,66597.1853,66652.4083,3.555909
1375,66652.4083,66679.1849,66615.5230,66619.6201,37.500078
1376,66619.6201,66619.8241,66507.7058,66523.4533,19.568791
1377,66523.4533,66524.7290,66498.3790,66499.3754,14.017741
1378,66499.3754,66500.0985,66443.9908,66464.1162,4.081001
1379,66464.1162,66486.2096,66348.5265,66353.4507,2.400552
1380,66353.4507,66403.2231,66346.8561,66389.8580,5.313236
1381,66389.8580,66391.5660,66359.1032,66378.2564,7.825671
1382,66378.2564,66380.1125,66330.5732,66350.3209,35.483476
1383,66350.3209,66372.0993,66318.1554,66320.7519,20.115873
1384,66320.7519,66389.9096,66307.5700,66385.0821,6.537965
1385,66385.0821,66433.8143,66376.5465,66431.6643,18.938760
1386,66431.6643,66451.7034,66415.4743,66435.5022,19.121532
1387,66435.5022,66459.0391,66410.5116,66452.3519,9.111436
1388,66452.3519,66469.6538,66417.1052,66427.9745,19.039458
1389,66427.9745,66428.3363,66268.1480,66287.4499,11.050107
1390,66287.4499,66314.2778,66275.4473,66301.1763,6.038212
1391,66301.1763,66440.5505,66300.5730,66436.4741,4.389193
1392,66436.4741,66451.7705,66340.3202,66343.0714,8.369151
1393,66343.0714,66346.0326,66194.3981,66207.5264,16.644778
1394,66207.5264,66254.9436,66193.5587,66250.7208,3.929452
1395,66250.7208,66252.4579,66199.9210,66201.7488,3.358735
1396,66201.7488,66209.6739,66189.7966,66195.1843,12.645481
1397,66195.1843,66247.0615,66172.3368,66235.3075,1.704136
1398,66235.3075,66237.3697,66169.6943,66193.4256,27.607785
1399,66193.4256,66202.1795,66080.9674,66117.9882,6.889928
1400,66117.9882,66129.9838,66114.9598,66129.3143,14.145695
1401,66129.3143,66134.1070,66099.8166,66103.3666,28.240600
1402,66103.3666,66134.8872,66094.2981,66104.7128,3.705609
1403,66104.7128,66106.8014,66031.4111,66050.5609,4.737294
1404,66050.5609,66159.1115,66046.6943,66142.5465,35.713873
1405,66142.5465,66145.1436,65989.9432,65993.9998,7.578926
1406,65993.9998,66000.3714,65831.7071,65837.1472,8.344304
1407,65837.1472,65852.1041,65817.4785,65847.5660,10.374410
1408,65847.5660,65992.3091,65836.1815,65985.0047,17.258025
1409,65985.0047,66116.1274,65977.2167,66097.7189,20.351660
1410,66097.7189,66191.2710,66093.9470,66182.1678,9.654144
1411,66182.1678,66218.3181,66177.2342,66206.0670,7.347413
1412,66206.0670,66225.4711,66195.7532,66219.4896,8.825299
1413,66219.4896,66274.4392,66208.5028,66270.2819,10.870096
1414,66270.2819,66324.7611,66255.5959,66320.9817,20.154612
1415,66320.9817,66353.2464,66312.6324,66351.5905,9.807495
1416,66351.5905,66482.5163,66350.7635,66480.2853,27.568379
1417,66480.2853,66588.6752,66476.2803,66587.5288,5.330859
1418,66587.5288,66716.1427,66585.2564,66713.2321,12.507556
1419,66713.2321,66785.6252,66707.0799,66772.1054,26.503626
1420,66772.1054,66798.1412,66766.6679,66788.7010,19.886998
1421,66788.7010,66879.6359,66778.9390,66873.5837,11.066855
1422,66873.5837,66905.6026,66868.5231,66899.9157,5.250959
1423,66899.9157,66932.4880,66850.6098,66869.9648,5.830152
1424,66869.9648,66895.0239,66853.4957,66894.7109,8.198508
1425,66894.7109,67027.3830,66883.6960,66996.4908,10.919345
1426,66996.4908,67105.4044,66993.2858,67081.9396,7.745548
1427,67081.9396,67108.4062,67080.8311,67100.3830,3.694345
1428,67100.3830,67107.7885,67048.0223,67056.4601,5.738654
1429,67056.4601,67095.7962,67018.6481,67085.9111,12.398672
1430,67085.9111,67135.7860,67082.4572,67119.9000,15.064424
1431,67119.9000,67123.9288,67099.9606,67106.9540,3.824791
1432,67106.9540,67107.9744,66943.1729,66960.9185,7.218159
1433,66960.9185,67007.5963,66942.1763,66996.3762,3.232199
1434,66996.3762,67119.9023,66984.8156,67119.1281,6.385873
1435,67119.1281,67301.2154,67113.3455,67293.5839,79.308306
1436,67293.5839,67322.6380,67279.7221,67316.1352,9.384031
1437,67316.1352,67330.8403,67206.3721,67223.8940,7.301836
1438,67223.8940,67258.0027,67216.4850,67228.7580,6.289263
1439,67228.7580,67229.9692,67201.4327,67218.3652,4.295967
1440,67218.3652,67228.1177,67101.7498,67111.0262,2.885661
1441,67111.0262,67271.3111,67111.0041,67266.7817,8.794553
1442,67266.7817,67333.5195,67266.7185,67313.5274,7.617719
1443,67313.5274,67333.5004,67266.5224,67289.3305,22.340629
1444,67289.3305,67413.4533,67280.3763,67410.9757,3.307361
1445,67410.9757,67424.0983,67392.1532,67397.4614,11.789540
1446,67397.4614,67417.4975,67343.4894,67358.5113,20.551873
1447,67358.5113,67359.1277,67326.4396,67328.7934,2.716013
1448,67328.7934,67331.1022,67286.1694,67289.1945,13.512133
1449,67289.1945,67327.4857,67281.7845,67317.6797,3.359868
1450,67317.6797,67319.3333,67287.3082,67301.0520,12.433992
1451,67301.0520,67308.6729,67240.2863,67249.8040,22.317523
1452,67249.8040,67260.6426,67187.4655,67200.5663,9.003983
1453,67200.5663,67312.0255,67194.7771,67310.9391,10.763194
1454,67310.9391,67483.1279,67306.4317,67473.9304,5.897091
1455,67473.9304,67488.8918,67469.9999,67479.7394,10.777811
1456,67479.7394,67508.5742,67476.8558,67503.1144,18.076958
1457,67503.1144,67601.6000,67497.1820,67583.8054,8.067500
1458,67583.8054,67598.3271,67526.6306,67553.8150,8.285464
1459,67553.8150,67608.6729,67528.2205,67591.5128,11.467266
1460,67591.5128,67604.3630,67557.3732,67573.1331,14.954553
1461,67573.1331,67579.4409,67442.2964,67446.6560,3.307222
1462,67446.6560,67466.2004,67446.1340,67449.6221,9.363848
1463,67449.6221,67606.1342,67442.3287,67600.5965,5.929246
1464,67600.5965,67602.2707,67548.4635,67551.8298,12.241271
1465,67551.8298,67559.4299,67504.5344,67520.9614,17.048100
1466,67520.9614,67549.3057,67501.8091,67541.0479,10.931284
1467,67541.0479,67544.2340,67511.0555,67512.9694,19.942551
1468,67512.9694,67602.5309,67490.1720,67598.6099,4.914791
1469,67598.6099,67675.6775,67587.6519,67672.7343,7.025206
1470,67672.7343,67676.6945,67539.6043,67554.2672,4.918636
1471,67554.2672,67568.1495,67381.3609,67428.1595,9.361931
1472,67428.1595,67532.8671,67406.7879,67526.6954,9.575683
1473,67526.6954,67702.3502,67523.4097,67685.7023,7.994314
1474,67685.7023,67692.7374,67593.9095,67596.3795,4.290709
1475,67596.3795,67669.5771,67595.2653,67664.4738,8.613463
1476,67664.4738,67683.1231,67659.1549,67674.9551,6.903182
1477,67674.9551,67757.5008,67665.2285,67749.3327,13.084364
1478,67749.3327,67802.8347,67737.9828,67764.5860,7.651153
1479,67764.5860,67777.8107,67740.7070,67773.9423,18.435886
1480,67773.9423,67774.9736,67719.8555,67719.8731,10.406570
1481,67719.8731,67748.8623,67708.5494,67738.2138,2.887429
1482,67738.2138,67783.4216,67715.8430,67765.8608,8.118833
1483,67765.8608,67772.8237,67762.6352,67764.7885,3.754583
1484,67764.7885,67851.0279,67747.8720,67839.0738,16.361283
1485,67839.0738,67877.1351,67820.5290,67864.0667,21.773952
1486,67864.0667,67867.2180,67764.1554,67795.4536,8.883149
1487,67795.4536,67813.8665,67788.4689,67808.2406,11.854678
1488,67808.2406,67886.1680,67790.2280,67874.9766,3.717963
1489,67874.9766,67879.5472,67827.8139,67829.6974,2.270659
1490,67829.6974,67899.1127,67829.6515,67887.1639,6.422614
1491,67887.1639,67892.1990,67875.8530,67878.1982,7.720672
1492,67878.1982,67894.3497,67755.2426,67769.6587,3.566639
1493,67769.6587,67782.7556,67743.4088,67755.9943,9.550193
1494,67755.9943,67864.1120,67719.6961,67854.9781,10.943411
1495,67854.9781,67902.3792,67836.7658,67877.4965,13.405942
1496,67877.4965,67886.5360,67834.0171,67841.0901,23.385578
1497,67841.0901,67846.9836,67814.6997,67822.6181,14.850132
1498,67822.6181,67835.1186,67766.6577,67785.5316,7.214041
1499,67785.5316,67865.1851,67781.5776,67862.7526,9.636444
